Data_s1a1_k1_1_4_9_10_0.0_LSTM,,,
s1a1_k1_1.txt
cmaes:,30.00,0.44,7.37
simulannealbnd:,30.00,0.42,12.33
MCTS:,30.00,0.56,10.77
random:,30.00,0.10,6.87


s1a1_k1_2.txt
cmaes:,30.00,0.41,11.80
simulannealbnd:,30.00,0.43,12.20
MCTS:,30.00,0.57,9.87
random:,30.00,0.09,8.23


s1a1_k1_3.txt
cmaes:,30.00,0.61,21.63
simulannealbnd:,30.00,0.59,21.20
MCTS:,30.00,0.59,12.17
random:,30.00,0.10,10.30


Data_s1a1_k2_1_4_9_10_0.0_LSTM,,,
s1a1_k2_1.txt
cmaes:,30.00,0.60,15.63
simulannealbnd:,30.00,0.41,10.83
MCTS:,30.00,0.78,16.87
random:,30.00,0.11,8.07


s1a1_k2_2.txt
cmaes:,30.00,0.35,8.90
simulannealbnd:,30.00,0.32,8.27
MCTS:,30.00,0.46,4.87
random:,30.00,0.08,6.87


s1a1_k2_3.txt
cmaes:,30.00,0.38,9.07
simulannealbnd:,30.00,0.33,8.90
MCTS:,30.00,0.46,7.80
random:,30.00,0.07,5.73


Data_s1a1_k3_1_4_9_10_0.0_LSTM,,,
s1a1_k3_1.txt
cmaes:,30.00,0.57,12.47
simulannealbnd:,30.00,0.41,9.37
MCTS:,30.00,0.53,7.07
random:,30.00,0.13,8.57


s1a1_k3_2.txt
cmaes:,30.00,0.49,16.13
simulannealbnd:,30.00,0.47,15.63
MCTS:,30.00,0.55,10.20
random:,30.00,0.10,9.70


s1a1_k3_3.txt
cmaes:,30.00,0.40,12.70
simulannealbnd:,30.00,0.40,12.93
MCTS:,30.00,0.57,11.87
random:,30.00,0.12,10.60


Data_s1a1_k4_1_4_9_10_0.0_LSTM,,,
s1a1_k4_1.txt
cmaes:,30.00,0.47,11.70
simulannealbnd:,30.00,0.41,11.80
MCTS:,30.00,0.55,10.43
random:,30.00,0.09,7.97


s1a1_k4_2.txt
cmaes:,30.00,0.45,15.23
simulannealbnd:,30.00,0.34,11.17
MCTS:,30.00,0.49,9.60
random:,30.00,0.07,7.37


s1a1_k4_3.txt
cmaes:,30.00,0.40,13.40
simulannealbnd:,30.00,0.45,16.43
MCTS:,30.00,0.51,11.97
random:,30.00,0.07,9.63


Data_s1a1_k5_1_4_9_10_0.0_LSTM,,,
s1a1_k5_1.txt
cmaes:,29.00,0.59,11.79
simulannealbnd:,30.00,0.60,18.37
MCTS:,30.00,0.54,7.70
random:,30.00,0.22,18.57


s1a1_k5_2.txt
cmaes:,30.00,0.65,22.07
simulannealbnd:,30.00,0.55,17.70
MCTS:,30.00,0.64,14.17
random:,30.00,0.13,12.13


s1a1_k5_3.txt
cmaes:,30.00,0.51,18.97
simulannealbnd:,30.00,0.60,23.67
MCTS:,30.00,0.81,19.10
random:,30.00,0.13,10.40


Data_s1a2_k1_1_4_9_10_0.01_LSTM,,,
s1a2_k1_1.txt
cmaes:,30.00,0.19,1.00
simulannealbnd:,30.00,0.07,1.00
MCTS:,30.00,0.60,9.23
random:,30.00,0.06,4.87


s1a2_k1_2.txt
cmaes:,30.00,0.06,1.00
simulannealbnd:,30.00,0.06,1.00
MCTS:,30.00,0.48,5.53
random:,30.00,0.03,2.97


s1a2_k1_3.txt
cmaes:,27.00,0.60,25.44
simulannealbnd:,30.00,0.26,6.07
MCTS:,30.00,0.53,8.27
random:,30.00,0.06,5.47


Data_s1a2_k2_1_4_9_10_0.01_LSTM,,,
s1a2_k2_1.txt
cmaes:,30.00,0.19,1.00
simulannealbnd:,30.00,0.08,1.00
MCTS:,30.00,0.48,6.03
random:,30.00,0.06,4.30


s1a2_k2_2.txt
cmaes:,29.00,0.24,5.52
simulannealbnd:,30.00,0.28,6.17
MCTS:,30.00,0.35,1.00
random:,30.00,0.03,3.33


s1a2_k2_3.txt
cmaes:,23.00,0.48,19.17
simulannealbnd:,30.00,0.23,6.47
MCTS:,30.00,0.50,6.93
random:,30.00,0.04,3.53


Data_s1a2_k3_1_4_9_10_0.01_LSTM,,,
s1a2_k3_1.txt
cmaes:,30.00,0.18,1.00
simulannealbnd:,30.00,0.08,1.00
MCTS:,30.00,0.50,7.07
random:,30.00,0.09,6.87


s1a2_k3_2.txt
cmaes:,21.00,1.12,64.62
simulannealbnd:,29.00,5.75,239.55
MCTS:,30.00,2.97,159.37
random:,30.00,0.86,113.97


s1a2_k3_3.txt
cmaes:,15.00,0.14,5.27
simulannealbnd:,30.00,0.19,9.50
MCTS:,30.00,0.26,4.50
random:,30.00,0.04,6.80


Data_s1a2_k4_1_4_9_10_0.01_LSTM,,,
s1a2_k4_1.txt
cmaes:,24.00,0.55,16.00
simulannealbnd:,30.00,0.28,6.93
MCTS:,30.00,0.49,6.67
random:,30.00,0.05,4.37


s1a2_k4_2.txt
cmaes:,30.00,0.06,1.00
simulannealbnd:,30.00,0.06,1.00
MCTS:,30.00,0.46,8.53
random:,30.00,0.04,5.30


s1a2_k4_3.txt
cmaes:,30.00,0.05,1.00
simulannealbnd:,30.00,0.05,1.00
MCTS:,30.00,0.37,2.33
random:,30.00,0.03,3.00


Data_s1a2_k5_1_4_9_10_0.01_LSTM,,,
s1a2_k5_1.txt
cmaes:,6.00,0.43,16.17
simulannealbnd:,30.00,0.41,12.43
MCTS:,30.00,0.93,22.37
random:,30.00,0.16,13.17


s1a2_k5_2.txt
cmaes:,12.00,0.36,12.17
simulannealbnd:,30.00,0.38,13.67
MCTS:,30.00,0.48,8.07
random:,30.00,0.07,7.03


s1a2_k5_3.txt
cmaes:,14.00,0.33,16.64
simulannealbnd:,30.00,0.21,9.13
MCTS:,30.00,0.74,26.87
random:,30.00,0.03,4.87


Data_s1a3_k1_1_4_9_10_0.05_LSTM,,,
s1a3_k1_1.txt
cmaes:,30.00,0.44,8.57
simulannealbnd:,30.00,0.27,7.27
MCTS:,30.00,0.42,6.67
random:,30.00,0.07,6.57


s1a3_k1_2.txt
cmaes:,30.00,0.05,1.00
simulannealbnd:,30.00,0.05,1.00
MCTS:,30.00,0.37,4.27
random:,30.00,0.05,5.30


s1a3_k1_3.txt
cmaes:,30.00,0.20,4.97
simulannealbnd:,30.00,0.17,3.97
MCTS:,30.00,0.35,5.20
random:,30.00,0.03,3.70


Data_s1a3_k2_1_4_9_10_0.05_LSTM,,,
s1a3_k2_1.txt
cmaes:,30.00,0.44,9.13
simulannealbnd:,30.00,0.23,5.43
MCTS:,30.00,0.36,5.50
random:,30.00,0.05,5.37


s1a3_k2_2.txt
cmaes:,30.00,0.24,6.70
simulannealbnd:,30.00,0.23,6.57
MCTS:,30.00,0.39,6.73
random:,30.00,0.05,6.80


s1a3_k2_3.txt
cmaes:,30.00,0.28,10.60
simulannealbnd:,30.00,0.36,17.23
MCTS:,30.00,0.68,27.80
random:,30.00,0.11,15.77


Data_s1a3_k3_1_4_9_10_0.05_LSTM,,,
s1a3_k3_1.txt
cmaes:,30.00,0.19,1.00
simulannealbnd:,30.00,0.07,1.00
MCTS:,30.00,0.42,5.47
random:,30.00,0.08,7.83


s1a3_k3_2.txt
cmaes:,30.00,0.05,1.00
simulannealbnd:,30.00,0.05,1.00
MCTS:,30.00,0.40,6.60
random:,30.00,0.04,4.00


s1a3_k3_3.txt
cmaes:,30.00,0.05,1.00
simulannealbnd:,30.00,0.05,1.00
MCTS:,30.00,0.34,4.70
random:,30.00,0.04,4.53


Data_s1a3_k4_1_4_9_10_0.05_LSTM,,,
s1a3_k4_1.txt
cmaes:,30.00,0.39,5.40
simulannealbnd:,30.00,0.37,11.73
MCTS:,30.00,0.46,8.83
random:,30.00,0.15,14.03


s1a3_k4_2.txt
cmaes:,30.00,0.24,6.40
simulannealbnd:,30.00,0.37,14.10
MCTS:,30.00,1.12,41.90
random:,30.00,0.13,17.80


s1a3_k4_3.txt
cmaes:,30.00,0.16,4.37
simulannealbnd:,30.00,0.20,6.70
MCTS:,30.00,0.26,3.47
random:,30.00,0.03,4.63


Data_s1a3_k5_1_4_9_10_0.05_LSTM,,,
s1a3_k5_1.txt
cmaes:,30.00,0.58,15.87
simulannealbnd:,30.00,0.37,12.63
MCTS:,30.00,0.54,11.87
random:,30.00,0.12,12.93


s1a3_k5_2.txt
cmaes:,30.00,0.28,9.03
simulannealbnd:,30.00,0.32,10.53
MCTS:,30.00,0.38,6.97
random:,30.00,0.05,5.47


s1a3_k5_3.txt
cmaes:,30.00,0.28,10.37
simulannealbnd:,30.00,0.23,7.27
MCTS:,30.00,0.35,7.10
random:,30.00,0.04,6.30


Data_s1a4_k1_1_4_9_10_0.1_LSTM,,,
s1a4_k1_1.txt
cmaes:,30.00,0.18,1.00
simulannealbnd:,30.00,0.06,1.00
MCTS:,30.00,0.27,1.00
random:,30.00,0.03,2.97


s1a4_k1_2.txt
cmaes:,26.00,0.18,4.92
simulannealbnd:,30.00,0.17,4.27
MCTS:,30.00,0.31,2.93
random:,30.00,0.02,2.23


s1a4_k1_3.txt
cmaes:,30.00,0.16,3.80
simulannealbnd:,30.00,0.19,5.23
MCTS:,30.00,0.28,2.40
random:,30.00,0.03,3.57


Data_s1a4_k2_1_4_9_10_0.1_LSTM,,,
s1a4_k2_1.txt
cmaes:,29.00,0.42,9.45
simulannealbnd:,30.00,0.21,4.73
MCTS:,30.00,0.28,1.00
random:,30.00,0.04,3.53


s1a4_k2_2.txt
cmaes:,29.00,0.31,11.72
simulannealbnd:,30.00,0.19,4.47
MCTS:,30.00,0.33,2.93
random:,30.00,0.04,4.27


s1a4_k2_3.txt
cmaes:,28.00,0.20,6.18
simulannealbnd:,30.00,0.20,6.03
MCTS:,30.00,0.30,3.50
random:,30.00,0.04,4.33


Data_s1a4_k3_1_4_9_10_0.1_LSTM,,,
s1a4_k3_1.txt
cmaes:,30.00,0.41,8.10
simulannealbnd:,30.00,0.23,6.10
MCTS:,30.00,0.27,1.00
random:,30.00,0.03,3.20


s1a4_k3_2.txt
cmaes:,28.00,0.18,4.50
simulannealbnd:,30.00,0.19,5.77
MCTS:,30.00,0.26,1.00
random:,30.00,0.02,2.60


s1a4_k3_3.txt
cmaes:,24.00,0.18,4.92
simulannealbnd:,30.00,0.18,5.20
MCTS:,30.00,0.28,2.73
random:,30.00,0.02,2.53


Data_s1a4_k4_1_4_9_10_0.1_LSTM,,,
s1a4_k4_1.txt
cmaes:,30.00,0.37,5.90
simulannealbnd:,30.00,0.24,5.60
MCTS:,30.00,0.29,1.00
random:,30.00,0.04,3.17


s1a4_k4_2.txt
cmaes:,29.00,0.23,6.62
simulannealbnd:,30.00,0.23,6.63
MCTS:,30.00,0.28,1.00
random:,30.00,0.04,3.43


s1a4_k4_3.txt
cmaes:,30.00,0.05,1.00
simulannealbnd:,30.00,0.05,1.00
MCTS:,30.00,0.30,2.07
random:,30.00,0.02,2.40


Data_s1a4_k5_1_4_9_10_0.1_LSTM,,,
s1a4_k5_1.txt
cmaes:,30.00,0.19,1.00
simulannealbnd:,30.00,0.07,1.00
MCTS:,30.00,0.47,7.93
random:,30.00,0.05,4.77


s1a4_k5_2.txt
cmaes:,24.00,0.20,5.33
simulannealbnd:,30.00,0.27,9.93
MCTS:,30.00,0.52,11.73
random:,30.00,0.04,4.20


s1a4_k5_3.txt
cmaes:,29.00,0.21,7.41
simulannealbnd:,30.00,0.18,4.87
MCTS:,30.00,0.33,1.63
random:,30.00,0.02,2.37


Data_s1c1_k1_2_4_9_10_0.0_LSTM,,,
s1c1_k1_1.txt
cmaes:,30.00,0.19,1.00
simulannealbnd:,30.00,0.07,1.00
MCTS:,30.00,0.40,5.50
random:,30.00,0.05,4.47


s1c1_k1_2.txt
cmaes:,30.00,0.05,1.00
simulannealbnd:,30.00,0.05,1.00
MCTS:,30.00,0.36,6.33
random:,30.00,0.07,7.30


s1c1_k1_3.txt
cmaes:,30.00,0.05,1.00
simulannealbnd:,30.00,0.04,1.00
MCTS:,30.00,0.32,4.63
random:,30.00,0.04,3.60


Data_s1c1_k2_2_4_9_10_0.0_LSTM,,,
s1c1_k2_1.txt
cmaes:,30.00,0.34,3.73
simulannealbnd:,30.00,0.24,7.17
MCTS:,30.00,0.37,4.33
random:,30.00,0.06,5.37


s1c1_k2_2.txt
cmaes:,30.00,0.05,1.00
simulannealbnd:,30.00,0.05,1.00
MCTS:,30.00,0.40,6.13
random:,30.00,0.04,4.00


s1c1_k2_3.txt
cmaes:,30.00,0.05,1.00
simulannealbnd:,30.00,0.04,1.00
MCTS:,30.00,0.32,3.93
random:,30.00,0.04,3.70


Data_s1c1_k3_2_4_9_10_0.0_LSTM,,,
s1c1_k3_1.txt
cmaes:,30.00,0.20,1.00
simulannealbnd:,30.00,0.06,1.00
MCTS:,30.00,0.44,7.13
random:,30.00,0.07,5.57


s1c1_k3_2.txt
cmaes:,30.00,0.05,1.00
simulannealbnd:,30.00,0.05,1.00
MCTS:,30.00,0.42,8.00
random:,30.00,0.07,6.43


s1c1_k3_3.txt
cmaes:,30.00,0.20,5.27
simulannealbnd:,30.00,0.18,5.67
MCTS:,30.00,0.35,4.57
random:,30.00,0.05,5.33


Data_s1c1_k4_2_4_9_10_0.0_LSTM,,,
s1c1_k4_1.txt
cmaes:,30.00,0.19,1.00
simulannealbnd:,30.00,0.06,1.00
MCTS:,30.00,0.38,4.63
random:,30.00,0.05,4.47


s1c1_k4_2.txt
cmaes:,30.00,0.05,1.00
simulannealbnd:,30.00,0.05,1.00
MCTS:,30.00,0.37,4.30
random:,30.00,0.07,5.53


s1c1_k4_3.txt
cmaes:,30.00,0.05,1.00
simulannealbnd:,30.00,0.05,1.00
MCTS:,30.00,0.42,7.43
random:,30.00,0.08,7.93


Data_s1c1_k5_2_4_9_10_0.0_LSTM,,,
s1c1_k5_1.txt
cmaes:,30.00,0.36,4.23
simulannealbnd:,30.00,0.26,7.40
MCTS:,30.00,0.44,6.83
random:,30.00,0.09,7.33


s1c1_k5_2.txt
cmaes:,30.00,0.05,1.00
simulannealbnd:,30.00,0.05,1.00
MCTS:,30.00,0.38,5.03
random:,30.00,0.05,4.70


s1c1_k5_3.txt
cmaes:,30.00,0.05,1.00
simulannealbnd:,30.00,0.04,1.00
MCTS:,30.00,0.35,5.63
random:,30.00,0.05,4.97


Data_s1c2_k1_2_4_9_10_0.01_LSTM,,,
s1c2_k1_1.txt
cmaes:,30.00,0.62,17.83
simulannealbnd:,30.00,0.36,13.07
MCTS:,30.00,0.48,9.27
random:,30.00,0.09,7.67


s1c2_k1_2.txt
cmaes:,30.00,0.17,4.97
simulannealbnd:,30.00,0.21,7.10
MCTS:,30.00,0.37,7.00
random:,30.00,0.06,6.33


s1c2_k1_3.txt
cmaes:,30.00,0.14,3.20
simulannealbnd:,30.00,0.16,4.40
MCTS:,30.00,0.29,4.63
random:,30.00,0.04,5.23


Data_s1c2_k2_2_4_9_10_0.01_LSTM,,,
s1c2_k2_1.txt
cmaes:,30.00,0.19,1.00
simulannealbnd:,30.00,0.06,1.00
MCTS:,30.00,0.38,4.77
random:,30.00,0.05,4.20


s1c2_k2_2.txt
cmaes:,30.00,0.05,1.00
simulannealbnd:,30.00,0.05,1.00
MCTS:,30.00,0.42,7.43
random:,30.00,0.05,4.17


s1c2_k2_3.txt
cmaes:,30.00,0.05,1.00
simulannealbnd:,30.00,0.05,1.00
MCTS:,30.00,0.35,2.87
random:,30.00,0.06,4.93


Data_s1c2_k3_2_4_9_10_0.01_LSTM,,,
s1c2_k3_1.txt
cmaes:,30.00,0.42,6.93
simulannealbnd:,30.00,0.26,7.27
MCTS:,30.00,0.39,6.03
random:,30.00,0.06,4.63


s1c2_k3_2.txt
cmaes:,30.00,0.17,3.10
simulannealbnd:,30.00,0.17,4.07
MCTS:,30.00,0.39,5.40
random:,30.00,0.07,5.90


s1c2_k3_3.txt
cmaes:,30.00,0.38,16.17
simulannealbnd:,30.00,0.26,8.97
MCTS:,30.00,0.34,6.43
random:,30.00,0.08,9.10


Data_s1c2_k4_2_4_9_10_0.01_LSTM,,,
s1c2_k4_1.txt
cmaes:,30.00,0.19,1.00
simulannealbnd:,30.00,0.06,1.00
MCTS:,30.00,0.37,3.23
random:,30.00,0.04,2.93


s1c2_k4_2.txt
cmaes:,30.00,0.22,4.83
simulannealbnd:,30.00,0.24,5.83
MCTS:,30.00,0.32,2.83
random:,30.00,0.03,2.47


s1c2_k4_3.txt
cmaes:,30.00,0.32,11.20
simulannealbnd:,30.00,0.24,6.43
MCTS:,30.00,0.31,3.20
random:,30.00,0.06,6.87


Data_s1c2_k5_2_4_9_10_0.01_LSTM,,,
s1c2_k5_1.txt
cmaes:,30.00,0.42,6.07
simulannealbnd:,30.00,0.32,9.07
MCTS:,30.00,0.54,8.87
random:,30.00,0.08,7.17


s1c2_k5_2.txt
cmaes:,30.00,0.30,8.90
simulannealbnd:,30.00,0.26,7.33
MCTS:,30.00,0.39,7.37
random:,30.00,0.05,5.20


s1c2_k5_3.txt
cmaes:,30.00,0.04,1.00
simulannealbnd:,30.00,0.04,1.00
MCTS:,30.00,0.30,5.50
random:,30.00,0.04,4.90


Data_s1c3_k1_2_4_9_10_0.05_LSTM,,,
s1c3_k1_1.txt
cmaes:,30.00,0.40,6.00
simulannealbnd:,30.00,0.25,6.03
MCTS:,30.00,0.38,5.43
random:,30.00,0.08,6.50


s1c3_k1_2.txt
cmaes:,30.00,0.30,8.20
simulannealbnd:,30.00,0.20,4.97
MCTS:,30.00,0.42,7.57
random:,30.00,0.06,5.13


s1c3_k1_3.txt
cmaes:,30.00,0.16,3.20
simulannealbnd:,30.00,0.17,3.70
MCTS:,30.00,0.31,3.17
random:,30.00,0.03,3.47


Data_s1c3_k2_2_4_9_10_0.05_LSTM,,,
s1c3_k2_1.txt
cmaes:,30.00,0.56,12.93
simulannealbnd:,30.00,0.28,7.33
MCTS:,30.00,0.39,4.70
random:,30.00,0.05,3.63


s1c3_k2_2.txt
cmaes:,30.00,0.32,9.00
simulannealbnd:,30.00,0.26,8.03
MCTS:,30.00,0.36,3.83
random:,30.00,0.05,4.63


s1c3_k2_3.txt
cmaes:,30.00,0.26,8.73
simulannealbnd:,30.00,0.23,6.50
MCTS:,30.00,0.37,6.77
random:,30.00,0.04,5.23


Data_s1c3_k3_2_4_9_10_0.05_LSTM,,,
s1c3_k3_1.txt
cmaes:,30.00,0.42,7.80
simulannealbnd:,30.00,0.23,5.27
MCTS:,30.00,0.36,2.10
random:,30.00,0.03,2.60


s1c3_k3_2.txt
cmaes:,30.00,0.38,13.67
simulannealbnd:,30.00,0.24,6.50
MCTS:,30.00,0.42,6.57
random:,30.00,0.06,5.67


s1c3_k3_3.txt
cmaes:,30.00,0.34,14.27
simulannealbnd:,30.00,0.29,10.87
MCTS:,30.00,0.33,5.67
random:,30.00,0.06,7.07


Data_s1c3_k4_2_4_9_10_0.05_LSTM,,,
s1c3_k4_1.txt
cmaes:,30.00,0.55,14.50
simulannealbnd:,30.00,0.24,6.10
MCTS:,30.00,0.41,6.90
random:,30.00,0.07,5.97


s1c3_k4_2.txt
cmaes:,30.00,0.29,8.70
simulannealbnd:,30.00,0.23,6.03
MCTS:,30.00,0.31,1.93
random:,30.00,0.02,2.17


s1c3_k4_3.txt
cmaes:,30.00,0.35,13.13
simulannealbnd:,30.00,0.21,5.30
MCTS:,30.00,0.30,2.97
random:,30.00,0.02,2.57


Data_s1c3_k5_2_4_9_10_0.05_LSTM,,,
s1c3_k5_1.txt
cmaes:,30.00,0.42,6.17
simulannealbnd:,30.00,0.27,6.03
MCTS:,30.00,0.33,1.93
random:,30.00,0.04,2.97


s1c3_k5_2.txt
cmaes:,30.00,0.41,12.13
simulannealbnd:,30.00,0.27,6.03
MCTS:,30.00,0.36,1.93
random:,30.00,0.05,4.37


s1c3_k5_3.txt
cmaes:,30.00,0.19,2.73
simulannealbnd:,30.00,0.21,4.00
MCTS:,30.00,0.34,2.77
random:,30.00,0.02,2.77


Data_s1c4_k1_2_4_9_10_0.1_LSTM,,,
s1c4_k1_1.txt
cmaes:,30.00,0.45,7.93
simulannealbnd:,30.00,0.27,6.13
MCTS:,30.00,0.37,4.83
random:,30.00,0.05,4.00


s1c4_k1_2.txt
cmaes:,30.00,0.37,12.67
simulannealbnd:,30.00,0.26,8.27
MCTS:,30.00,0.32,2.77
random:,30.00,0.06,5.57


s1c4_k1_3.txt
cmaes:,30.00,0.15,2.80
simulannealbnd:,30.00,0.19,5.53
MCTS:,30.00,0.37,6.10
random:,30.00,0.06,6.23


Data_s1c4_k2_2_4_9_10_0.1_LSTM,,,
s1c4_k2_1.txt
cmaes:,30.00,0.33,3.50
simulannealbnd:,30.00,0.20,4.57
MCTS:,30.00,0.37,5.17
random:,30.00,0.07,6.00


s1c4_k2_2.txt
cmaes:,30.00,0.05,1.00
simulannealbnd:,30.00,0.05,1.00
MCTS:,30.00,0.31,2.70
random:,30.00,0.02,2.50


s1c4_k2_3.txt
cmaes:,30.00,0.27,9.23
simulannealbnd:,30.00,0.21,5.50
MCTS:,30.00,0.30,3.53
random:,30.00,0.04,4.50


Data_s1c4_k3_2_4_9_10_0.1_LSTM,,,
s1c4_k3_1.txt
cmaes:,30.00,0.38,5.47
simulannealbnd:,30.00,0.21,4.30
MCTS:,30.00,0.34,3.70
random:,30.00,0.03,2.60


s1c4_k3_2.txt
cmaes:,30.00,0.25,6.30
simulannealbnd:,30.00,0.21,5.77
MCTS:,30.00,0.40,6.83
random:,30.00,0.07,5.77


s1c4_k3_3.txt
cmaes:,30.00,0.17,3.40
simulannealbnd:,30.00,0.18,3.93
MCTS:,30.00,0.31,3.30
random:,30.00,0.02,2.37


Data_s1c4_k4_2_4_9_10_0.1_LSTM,,,
s1c4_k4_1.txt
cmaes:,30.00,0.37,4.57
simulannealbnd:,30.00,0.25,4.70
MCTS:,30.00,0.41,4.83
random:,30.00,0.04,3.23


s1c4_k4_2.txt
cmaes:,30.00,0.26,5.60
simulannealbnd:,30.00,0.24,6.07
MCTS:,30.00,0.34,2.33
random:,30.00,0.05,3.97


s1c4_k4_3.txt
cmaes:,30.00,0.17,3.07
simulannealbnd:,30.00,0.17,3.80
MCTS:,30.00,0.39,4.63
random:,30.00,0.03,2.97


Data_s1c4_k5_2_4_9_10_0.1_LSTM,,,
s1c4_k5_1.txt
cmaes:,30.00,0.44,7.20
simulannealbnd:,30.00,0.29,6.47
MCTS:,30.00,0.41,5.47
random:,30.00,0.06,4.40


s1c4_k5_2.txt
cmaes:,30.00,0.27,5.87
simulannealbnd:,30.00,0.22,4.57
MCTS:,30.00,0.39,4.10
random:,30.00,0.03,2.70


s1c4_k5_3.txt
cmaes:,30.00,0.15,2.77
simulannealbnd:,30.00,0.21,5.23
MCTS:,30.00,0.39,5.53
random:,30.00,0.04,4.20


Data_s3a1_k1_1_4_9_10_0.0_LSTM,,,
s3a1_k1_1.txt
cmaes:,30.00,0.45,6.60
simulannealbnd:,30.00,0.51,13.87
MCTS:,30.00,0.58,9.20
random:,30.00,0.10,6.83


s3a1_k1_2.txt
cmaes:,30.00,0.41,10.10
simulannealbnd:,30.00,0.35,9.70
MCTS:,30.00,0.90,19.17
random:,30.00,0.11,8.60


s3a1_k1_3.txt
cmaes:,30.00,0.23,4.03
simulannealbnd:,30.00,0.26,5.40
MCTS:,30.00,0.46,4.70
random:,30.00,0.05,3.80


Data_s3a1_k2_1_4_9_10_0.0_LSTM,,,
s3a1_k2_1.txt
cmaes:,30.00,0.45,7.53
simulannealbnd:,30.00,0.36,8.63
MCTS:,30.00,0.52,6.27
random:,30.00,0.10,6.70


s3a1_k2_2.txt
cmaes:,30.00,0.28,6.57
simulannealbnd:,30.00,0.27,6.73
MCTS:,30.00,0.52,6.03
random:,30.00,0.09,7.07


s3a1_k2_3.txt
cmaes:,30.00,0.32,7.10
simulannealbnd:,30.00,0.36,8.43
MCTS:,30.00,0.61,9.40
random:,30.00,0.11,8.03


Data_s3a1_k3_1_4_9_10_0.0_LSTM,,,
s3a1_k3_1.txt
cmaes:,30.00,0.86,24.10
simulannealbnd:,30.00,0.87,29.43
MCTS:,30.00,0.79,15.10
random:,30.00,0.21,17.73


s3a1_k3_2.txt
cmaes:,30.00,0.50,14.40
simulannealbnd:,30.00,0.55,17.33
MCTS:,30.00,0.86,19.17
random:,30.00,0.12,9.43


s3a1_k3_3.txt
cmaes:,29.00,0.39,11.79
simulannealbnd:,30.00,0.52,19.80
MCTS:,30.00,1.07,30.57
random:,30.00,0.25,19.97


Data_s3a1_k4_1_4_9_10_0.0_LSTM,,,
s3a1_k4_1.txt
cmaes:,30.00,0.97,27.87
simulannealbnd:,30.00,0.59,18.90
MCTS:,30.00,0.98,20.90
random:,30.00,0.13,11.43


s3a1_k4_2.txt
cmaes:,28.00,0.70,27.50
simulannealbnd:,30.00,0.61,24.00
MCTS:,30.00,0.77,18.73
random:,30.00,0.17,14.00


s3a1_k4_3.txt
cmaes:,30.00,0.39,12.87
simulannealbnd:,30.00,0.40,11.53
MCTS:,30.00,0.57,10.57
random:,30.00,0.07,6.23


Data_s3a1_k5_1_4_9_10_0.0_LSTM,,,
s3a1_k5_1.txt
cmaes:,30.00,0.20,1.00
simulannealbnd:,30.00,0.09,1.00
MCTS:,30.00,0.76,11.87
random:,30.00,0.13,8.53


s3a1_k5_2.txt
cmaes:,30.00,0.40,10.50
simulannealbnd:,30.00,0.50,15.20
MCTS:,30.00,0.77,14.10
random:,30.00,0.14,10.23


s3a1_k5_3.txt
cmaes:,30.00,0.51,16.03
simulannealbnd:,30.00,0.54,15.13
MCTS:,30.00,0.76,15.03
random:,30.00,0.09,6.93


Data_s3a2_k1_1_4_9_10_0.01_LSTM,,,
s3a2_k1_1.txt
cmaes:,30.00,0.53,10.30
simulannealbnd:,30.00,0.43,11.03
MCTS:,30.00,0.61,10.13
random:,30.00,0.15,10.17


s3a2_k1_2.txt
cmaes:,29.00,0.79,33.41
simulannealbnd:,30.00,1.07,48.07
MCTS:,30.00,1.11,30.93
random:,30.00,0.35,27.93


s3a2_k1_3.txt
cmaes:,30.00,0.36,10.80
simulannealbnd:,30.00,0.29,7.53
MCTS:,30.00,0.52,8.37
random:,30.00,0.08,6.87


Data_s3a2_k2_1_4_9_10_0.01_LSTM,,,
s3a2_k2_1.txt
cmaes:,30.00,0.52,10.17
simulannealbnd:,30.00,0.43,10.30
MCTS:,30.00,0.70,13.20
random:,30.00,0.10,6.13


s3a2_k2_2.txt
cmaes:,30.00,0.24,3.17
simulannealbnd:,30.00,0.26,4.13
MCTS:,30.00,1.01,22.57
random:,30.00,0.04,3.17


s3a2_k2_3.txt
cmaes:,30.00,0.06,1.00
simulannealbnd:,30.00,0.06,1.00
MCTS:,30.00,0.64,6.70
random:,30.00,0.08,5.93


Data_s3a2_k3_1_4_9_10_0.01_LSTM,,,
s3a2_k3_1.txt
cmaes:,5.00,0.63,29.40
simulannealbnd:,30.00,0.25,11.00
MCTS:,30.00,1.00,40.00
random:,30.00,0.06,7.07


s3a2_k3_2.txt
cmaes:,30.00,0.04,1.00
simulannealbnd:,30.00,0.04,1.00
MCTS:,30.00,0.35,8.23
random:,30.00,0.03,4.20


s3a2_k3_3.txt
cmaes:,30.00,0.04,1.00
simulannealbnd:,30.00,0.04,1.00
MCTS:,30.00,0.45,14.03
random:,30.00,0.07,8.63


Data_s3a2_k4_1_4_9_10_0.01_LSTM,,,
s3a2_k4_1.txt
cmaes:,21.00,0.59,12.48
simulannealbnd:,30.00,0.26,6.80
MCTS:,30.00,0.89,23.47
random:,30.00,0.08,7.00


s3a2_k4_2.txt
cmaes:,30.00,0.06,1.00
simulannealbnd:,30.00,0.05,1.00
MCTS:,30.00,0.44,6.77
random:,30.00,0.05,4.20


s3a2_k4_3.txt
cmaes:,29.00,0.22,5.86
simulannealbnd:,30.00,0.28,10.60
MCTS:,30.00,0.65,14.10
random:,30.00,0.08,6.53


Data_s3a2_k5_1_4_9_10_0.01_LSTM,,,
s3a2_k5_1.txt
cmaes:,9.00,0.30,7.00
simulannealbnd:,30.00,0.81,38.60
MCTS:,30.00,1.39,37.97
random:,30.00,0.24,21.27


s3a2_k5_2.txt
cmaes:,30.00,0.04,1.00
simulannealbnd:,30.00,0.05,1.00
MCTS:,30.00,1.40,49.23
random:,30.00,0.15,16.10


s3a2_k5_3.txt
cmaes:,30.00,0.04,1.00
simulannealbnd:,30.00,0.04,1.00
MCTS:,30.00,1.07,43.67
random:,30.00,0.04,5.17


Data_s3a3_k1_1_4_9_10_0.05_LSTM,,,
s3a3_k1_1.txt
cmaes:,30.00,0.20,1.00
simulannealbnd:,30.00,0.09,1.00
MCTS:,30.00,0.45,1.63
random:,30.00,0.04,2.67


s3a3_k1_2.txt
cmaes:,30.00,0.07,1.00
simulannealbnd:,30.00,0.07,1.00
MCTS:,30.00,0.41,1.30
random:,30.00,0.05,2.93


s3a3_k1_3.txt
cmaes:,30.00,0.06,1.00
simulannealbnd:,30.00,0.06,1.00
MCTS:,30.00,0.47,5.00
random:,30.00,0.05,3.40


Data_s3a3_k2_1_4_9_10_0.05_LSTM,,,
s3a3_k2_1.txt
cmaes:,30.00,0.20,1.00
simulannealbnd:,30.00,0.09,1.00
MCTS:,30.00,0.81,12.83
random:,30.00,0.09,5.47


s3a3_k2_2.txt
cmaes:,30.00,0.07,1.00
simulannealbnd:,30.00,0.07,1.00
MCTS:,30.00,0.55,5.63
random:,30.00,0.06,4.13


s3a3_k2_3.txt
cmaes:,30.00,0.07,1.00
simulannealbnd:,30.00,0.08,1.00
MCTS:,30.00,0.48,4.70
random:,30.00,0.07,4.47


Data_s3a3_k3_1_4_9_10_0.05_LSTM,,,
s3a3_k3_1.txt
cmaes:,30.00,0.20,1.00
simulannealbnd:,30.00,0.10,1.00
MCTS:,30.00,0.58,5.60
random:,30.00,0.05,2.63


s3a3_k3_2.txt
cmaes:,30.00,0.07,1.00
simulannealbnd:,30.00,0.07,1.00
MCTS:,30.00,0.47,4.00
random:,30.00,0.08,4.83


s3a3_k3_3.txt
cmaes:,30.00,0.07,1.00
simulannealbnd:,30.00,0.06,1.00
MCTS:,30.00,0.55,6.33
random:,30.00,0.08,4.93


Data_s3a3_k4_1_4_9_10_0.05_LSTM,,,
s3a3_k4_1.txt
cmaes:,30.00,0.20,1.00
simulannealbnd:,30.00,0.10,1.00
MCTS:,30.00,0.60,4.60
random:,30.00,0.04,1.83


s3a3_k4_2.txt
cmaes:,30.00,0.07,1.00
simulannealbnd:,30.00,0.07,1.00
MCTS:,30.00,0.52,4.40
random:,30.00,0.04,2.17


s3a3_k4_3.txt
cmaes:,30.00,0.06,1.00
simulannealbnd:,30.00,0.07,1.00
MCTS:,30.00,0.45,3.20
random:,30.00,0.04,2.70


Data_s3a3_k5_1_4_9_10_0.05_LSTM,,,
s3a3_k5_1.txt
cmaes:,30.00,0.21,1.00
simulannealbnd:,30.00,0.09,1.00
MCTS:,30.00,1.44,30.07
random:,30.00,0.12,5.40


s3a3_k5_2.txt
cmaes:,30.00,0.07,1.00
simulannealbnd:,30.00,0.07,1.00
MCTS:,30.00,0.60,7.33
random:,30.00,0.05,3.10


s3a3_k5_3.txt
cmaes:,30.00,0.06,1.00
simulannealbnd:,30.00,0.06,1.00
MCTS:,30.00,0.62,10.67
random:,30.00,0.09,6.47


Data_s3a4_k1_1_4_9_10_0.1_LSTM,,,
s3a4_k1_1.txt
cmaes:,17.00,0.69,29.06
simulannealbnd:,30.00,0.33,11.50
MCTS:,30.00,0.70,14.87
random:,30.00,0.06,5.73


s3a4_k1_2.txt
cmaes:,29.00,0.54,27.55
simulannealbnd:,30.00,0.27,9.27
MCTS:,30.00,0.39,7.23
random:,30.00,0.08,7.57


s3a4_k1_3.txt
cmaes:,30.00,0.17,2.83
simulannealbnd:,30.00,0.19,5.03
MCTS:,30.00,0.29,2.20
random:,30.00,0.03,2.93


Data_s3a4_k2_1_4_9_10_0.1_LSTM,,,
s3a4_k2_1.txt
cmaes:,30.00,0.34,3.83
simulannealbnd:,30.00,0.29,5.67
MCTS:,30.00,0.44,3.23
random:,30.00,0.04,2.50


s3a4_k2_2.txt
cmaes:,20.00,0.79,36.70
simulannealbnd:,30.00,0.33,11.50
MCTS:,30.00,0.66,13.67
random:,30.00,0.08,6.23


s3a4_k2_3.txt
cmaes:,30.00,0.06,1.00
simulannealbnd:,30.00,0.06,1.00
MCTS:,30.00,0.38,2.00
random:,30.00,0.05,3.93


Data_s3a4_k3_1_4_9_10_0.1_LSTM,,,
s3a4_k3_1.txt
cmaes:,15.00,1.12,39.47
simulannealbnd:,30.00,0.79,34.27
MCTS:,30.00,0.61,15.93
random:,30.00,0.11,10.17


s3a4_k3_2.txt
cmaes:,29.00,0.83,38.10
simulannealbnd:,30.00,0.44,14.37
MCTS:,30.00,0.62,11.57
random:,30.00,0.06,5.50


s3a4_k3_3.txt
cmaes:,30.00,0.26,6.73
simulannealbnd:,30.00,0.29,9.17
MCTS:,30.00,0.65,16.37
random:,30.00,0.03,3.83


Data_s3a4_k4_1_4_9_10_0.1_LSTM,,,
s3a4_k4_1.txt
cmaes:,30.00,0.53,10.13
simulannealbnd:,30.00,0.38,8.00
MCTS:,30.00,0.76,10.03
random:,30.00,0.07,4.47


s3a4_k4_2.txt
cmaes:,26.00,0.49,15.81
simulannealbnd:,30.00,0.32,8.57
MCTS:,30.00,0.63,10.40
random:,30.00,0.07,4.53


s3a4_k4_3.txt
cmaes:,28.00,0.36,11.96
simulannealbnd:,30.00,0.29,8.03
MCTS:,30.00,0.60,9.63
random:,30.00,0.07,5.70


Data_s3a4_k5_1_4_9_10_0.1_LSTM,,,
s3a4_k5_1.txt
cmaes:,11.00,1.45,52.18
simulannealbnd:,30.00,0.85,43.53
MCTS:,30.00,1.11,42.97
random:,30.00,0.17,20.87


s3a4_k5_2.txt
cmaes:,30.00,0.04,1.00
simulannealbnd:,30.00,0.04,1.00
MCTS:,30.00,0.99,44.27
random:,30.00,0.18,22.23


s3a4_k5_3.txt
cmaes:,29.00,0.52,35.97
simulannealbnd:,30.00,0.46,30.37
MCTS:,30.00,0.57,19.57
random:,30.00,0.12,15.47


Data_s3c1_k1_2_4_9_10_0.0_LSTM,,,
s3c1_k1_1.txt
cmaes:,30.00,0.20,1.00
simulannealbnd:,30.00,0.08,1.00
MCTS:,30.00,0.43,4.40
random:,30.00,0.04,2.93


s3c1_k1_2.txt
cmaes:,30.00,0.43,16.07
simulannealbnd:,30.00,0.40,13.47
MCTS:,30.00,0.53,11.70
random:,30.00,0.09,7.10


s3c1_k1_3.txt
cmaes:,30.00,0.74,35.20
simulannealbnd:,30.00,0.38,14.60
MCTS:,30.00,0.42,8.00
random:,30.00,0.10,9.13


Data_s3c1_k2_2_4_9_10_0.0_LSTM,,,
s3c1_k2_1.txt
cmaes:,30.00,0.99,37.53
simulannealbnd:,30.00,0.38,12.03
MCTS:,30.00,0.53,10.17
random:,30.00,0.12,9.73


s3c1_k2_2.txt
cmaes:,30.00,0.26,9.07
simulannealbnd:,30.00,0.20,5.87
MCTS:,30.00,0.37,5.10
random:,30.00,0.03,2.47


s3c1_k2_3.txt
cmaes:,30.00,0.05,1.00
simulannealbnd:,30.00,0.05,1.00
MCTS:,30.00,0.40,6.60
random:,30.00,0.05,4.47


Data_s3c1_k3_2_4_9_10_0.0_LSTM,,,
s3c1_k3_1.txt
cmaes:,30.00,0.56,14.10
simulannealbnd:,30.00,0.29,7.67
MCTS:,30.00,0.46,9.20
random:,30.00,0.09,6.83


s3c1_k3_2.txt
cmaes:,30.00,0.22,6.23
simulannealbnd:,30.00,0.19,5.40
MCTS:,30.00,0.34,4.23
random:,30.00,0.06,5.47


s3c1_k3_3.txt
cmaes:,30.00,0.22,6.53
simulannealbnd:,30.00,0.19,5.33
MCTS:,30.00,0.32,2.57
random:,30.00,0.03,2.47


Data_s3c1_k4_2_4_9_10_0.0_LSTM,,,
s3c1_k4_1.txt
cmaes:,30.00,0.79,28.90
simulannealbnd:,30.00,0.41,14.33
MCTS:,30.00,0.43,5.60
random:,30.00,0.08,6.10


s3c1_k4_2.txt
cmaes:,30.00,0.64,28.80
simulannealbnd:,30.00,0.33,10.70
MCTS:,30.00,0.39,6.17
random:,30.00,0.09,7.67


s3c1_k4_3.txt
cmaes:,30.00,0.25,7.33
simulannealbnd:,30.00,0.19,4.87
MCTS:,30.00,0.37,4.30
random:,30.00,0.04,3.70


Data_s3c1_k5_2_4_9_10_0.0_LSTM,,,
s3c1_k5_1.txt
cmaes:,30.00,0.39,5.43
simulannealbnd:,30.00,0.25,5.00
MCTS:,30.00,0.41,3.43
random:,30.00,0.05,2.97


s3c1_k5_2.txt
cmaes:,30.00,0.23,5.67
simulannealbnd:,30.00,0.25,5.70
MCTS:,30.00,0.40,3.13
random:,30.00,0.02,1.80


s3c1_k5_3.txt
cmaes:,30.00,0.77,28.97
simulannealbnd:,30.00,0.32,8.37
MCTS:,30.00,0.50,6.80
random:,30.00,0.06,4.93


Data_s3c2_k1_2_4_9_10_0.01_LSTM,,,
s3c2_k1_1.txt
cmaes:,30.00,0.78,26.47
simulannealbnd:,30.00,0.39,13.13
MCTS:,30.00,0.55,11.30
random:,30.00,0.11,7.67


s3c2_k1_2.txt
cmaes:,30.00,0.67,33.83
simulannealbnd:,30.00,0.47,20.90
MCTS:,30.00,0.58,15.67
random:,30.00,0.10,8.57


s3c2_k1_3.txt
cmaes:,30.00,0.51,26.40
simulannealbnd:,30.00,0.35,15.67
MCTS:,30.00,0.37,7.43
random:,30.00,0.09,9.37


Data_s3c2_k2_2_4_9_10_0.01_LSTM,,,
s3c2_k2_1.txt
cmaes:,30.00,0.93,31.87
simulannealbnd:,30.00,0.43,13.63
MCTS:,30.00,0.74,17.27
random:,30.00,0.15,11.70


s3c2_k2_2.txt
cmaes:,30.00,0.30,9.53
simulannealbnd:,30.00,0.30,8.67
MCTS:,30.00,0.38,5.17
random:,30.00,0.06,5.23


s3c2_k2_3.txt
cmaes:,30.00,0.39,15.60
simulannealbnd:,30.00,0.38,14.67
MCTS:,30.00,0.33,3.27
random:,30.00,0.07,6.77


Data_s3c2_k3_2_4_9_10_0.01_LSTM,,,
s3c2_k3_1.txt
cmaes:,30.00,1.40,54.30
simulannealbnd:,30.00,0.53,18.07
MCTS:,30.00,0.58,11.93
random:,30.00,0.17,14.23


s3c2_k3_2.txt
cmaes:,30.00,0.60,26.00
simulannealbnd:,30.00,0.38,14.20
MCTS:,30.00,0.68,18.67
random:,30.00,0.12,10.13


s3c2_k3_3.txt
cmaes:,30.00,0.43,16.90
simulannealbnd:,30.00,0.27,8.93
MCTS:,30.00,0.42,10.50
random:,30.00,0.05,4.97


Data_s3c2_k4_2_4_9_10_0.01_LSTM,,,
s3c2_k4_1.txt
cmaes:,30.00,0.42,5.80
simulannealbnd:,30.00,0.47,15.47
MCTS:,30.00,0.60,12.83
random:,30.00,0.20,14.30


s3c2_k4_2.txt
cmaes:,30.00,0.43,16.93
simulannealbnd:,30.00,0.34,11.27
MCTS:,30.00,0.48,9.83
random:,30.00,0.13,10.70


s3c2_k4_3.txt
cmaes:,30.00,0.73,35.47
simulannealbnd:,30.00,0.35,12.63
MCTS:,30.00,0.43,8.27
random:,30.00,0.06,5.77


Data_s3c2_k5_2_4_9_10_0.01_LSTM,,,
s3c2_k5_1.txt
cmaes:,30.00,0.84,25.87
simulannealbnd:,30.00,0.51,17.40
MCTS:,30.00,0.71,16.27
random:,30.00,0.11,9.07


s3c2_k5_2.txt
cmaes:,30.00,1.12,54.10
simulannealbnd:,30.00,0.34,11.00
MCTS:,30.00,0.73,19.07
random:,30.00,0.12,9.97


s3c2_k5_3.txt
cmaes:,30.00,0.91,46.30
simulannealbnd:,30.00,0.69,36.80
MCTS:,30.00,0.60,21.93
random:,30.00,0.17,17.83


Data_s3c3_k1_2_4_9_10_0.05_LSTM,,,
s3c3_k1_1.txt
cmaes:,30.00,0.42,6.07
simulannealbnd:,30.00,0.28,5.90
MCTS:,30.00,0.43,2.50
random:,30.00,0.06,3.37


s3c3_k1_2.txt
cmaes:,30.00,0.06,1.00
simulannealbnd:,30.00,0.06,1.00
MCTS:,30.00,0.53,6.50
random:,30.00,0.09,5.97


s3c3_k1_3.txt
cmaes:,30.00,0.22,4.60
simulannealbnd:,30.00,0.23,4.80
MCTS:,30.00,0.45,5.40
random:,30.00,0.06,4.67


Data_s3c3_k2_2_4_9_10_0.05_LSTM,,,
s3c3_k2_1.txt
cmaes:,30.00,0.44,6.23
simulannealbnd:,30.00,0.33,7.00
MCTS:,30.00,0.52,6.00
random:,30.00,0.08,4.97


s3c3_k2_2.txt
cmaes:,30.00,0.43,11.90
simulannealbnd:,30.00,0.26,4.93
MCTS:,30.00,0.42,4.13
random:,30.00,0.04,3.07


s3c3_k2_3.txt
cmaes:,30.00,0.29,6.27
simulannealbnd:,30.00,0.27,5.67
MCTS:,30.00,0.40,2.30
random:,30.00,0.05,3.70


Data_s3c3_k3_2_4_9_10_0.05_LSTM,,,
s3c3_k3_1.txt
cmaes:,30.00,0.38,4.20
simulannealbnd:,30.00,0.27,5.13
MCTS:,30.00,0.43,4.43
random:,30.00,0.06,3.83


s3c3_k3_2.txt
cmaes:,30.00,0.31,8.87
simulannealbnd:,30.00,0.27,6.97
MCTS:,30.00,0.51,4.87
random:,30.00,0.05,3.20


s3c3_k3_3.txt
cmaes:,30.00,0.26,7.83
simulannealbnd:,30.00,0.20,4.23
MCTS:,30.00,0.39,2.97
random:,30.00,0.05,4.30


Data_s3c3_k4_2_4_9_10_0.05_LSTM,,,
s3c3_k4_1.txt
cmaes:,30.00,0.37,4.03
simulannealbnd:,30.00,0.24,5.03
MCTS:,30.00,0.48,5.43
random:,30.00,0.08,4.47


s3c3_k4_2.txt
cmaes:,30.00,0.35,9.50
simulannealbnd:,30.00,0.31,7.10
MCTS:,30.00,0.58,7.90
random:,30.00,0.06,4.57


s3c3_k4_3.txt
cmaes:,30.00,0.05,1.00
simulannealbnd:,30.00,0.05,1.00
MCTS:,30.00,0.49,5.40
random:,30.00,0.06,4.13


Data_s3c3_k5_2_4_9_10_0.05_LSTM,,,
s3c3_k5_1.txt
cmaes:,30.00,0.43,6.93
simulannealbnd:,30.00,0.32,6.90
MCTS:,30.00,0.66,8.73
random:,30.00,0.10,5.70


s3c3_k5_2.txt
cmaes:,30.00,0.39,11.37
simulannealbnd:,30.00,0.37,10.63
MCTS:,30.00,0.76,17.77
random:,30.00,0.14,9.77


s3c3_k5_3.txt
cmaes:,30.00,0.31,7.20
simulannealbnd:,30.00,0.35,11.33
MCTS:,30.00,0.53,9.17
random:,30.00,0.08,6.13


Data_s3c4_k1_1_4_9_10_0.1_LSTM,,,
s3c4_k1_1.txt
cmaes:,30.00,0.52,9.57
simulannealbnd:,30.00,0.62,17.83
MCTS:,30.00,0.75,17.17
random:,30.00,0.13,10.43


s3c4_k1_2.txt
cmaes:,30.00,0.27,6.37
simulannealbnd:,30.00,0.40,8.53
MCTS:,30.00,0.59,14.87
random:,30.00,0.07,6.03


s3c4_k1_3.txt
cmaes:,30.00,0.42,14.97
simulannealbnd:,30.00,0.34,11.20
MCTS:,30.00,0.54,11.40
random:,30.00,0.06,6.20


Data_s3c4_k2_1_4_9_10_0.1_LSTM,,,
s3c4_k2_1.txt
cmaes:,30.00,0.37,4.63
simulannealbnd:,30.00,0.32,8.00
MCTS:,30.00,0.48,7.67
random:,30.00,0.07,5.00


s3c4_k2_2.txt
cmaes:,30.00,0.28,6.33
simulannealbnd:,30.00,0.34,8.87
MCTS:,30.00,0.56,5.67
random:,30.00,0.06,4.23


s3c4_k2_3.txt
cmaes:,30.00,0.42,12.47
simulannealbnd:,30.00,0.40,13.73
MCTS:,30.00,0.60,14.30
random:,30.00,0.08,6.77


Data_s3c4_k3_1_4_9_10_0.1_LSTM,,,
s3c4_k3_1.txt
cmaes:,30.00,0.85,24.43
simulannealbnd:,30.00,0.38,10.30
MCTS:,30.00,0.56,9.60
random:,30.00,0.10,7.33


s3c4_k3_2.txt
cmaes:,29.00,0.56,21.59
simulannealbnd:,30.00,1.92,89.60
MCTS:,30.00,1.27,56.73
random:,30.00,0.26,29.37


s3c4_k3_3.txt
cmaes:,30.00,0.30,11.97
simulannealbnd:,30.00,0.25,8.80
MCTS:,30.00,0.30,4.97
random:,30.00,0.05,6.00


Data_s3c4_k4_1_4_9_10_0.1_LSTM,,,
s3c4_k4_1.txt
cmaes:,30.00,0.42,4.60
simulannealbnd:,30.00,0.30,6.00
MCTS:,30.00,0.56,10.23
random:,30.00,0.07,5.33


s3c4_k4_2.txt
cmaes:,30.00,0.06,1.00
simulannealbnd:,30.00,0.06,1.00
MCTS:,30.00,0.50,5.47
random:,30.00,0.07,4.73


s3c4_k4_3.txt
cmaes:,30.00,0.73,24.50
simulannealbnd:,30.00,0.40,11.70
MCTS:,30.00,0.48,6.63
random:,30.00,0.06,5.03


Data_s3c4_k5_1_4_9_10_0.1_LSTM,,,
s3c4_k5_1.txt
cmaes:,0.00,NaN,NaN
simulannealbnd:,0.00,NaN,NaN
MCTS:,0.00,NaN,NaN
random:,0.00,NaN,NaN


s3c4_k5_2.txt
cmaes:,20.00,0.85,53.35
simulannealbnd:,23.00,5.34,222.78
MCTS:,30.00,4.27,224.63
random:,28.00,1.76,222.89


s3c4_k5_3.txt
cmaes:,1.00,1.20,63.00
simulannealbnd:,4.00,13.42,462.50
MCTS:,7.00,8.20,429.29
random:,15.00,3.81,484.40


Data_s5a1_k1_1_4_9_10_0.0_LSTM,,,
s5a1_k1_1.txt
cmaes:,9.00,1.91,81.11
simulannealbnd:,29.00,2.92,120.83
MCTS:,29.00,4.91,171.83
random:,30.00,2.16,171.43


s5a1_k1_2.txt
cmaes:,20.00,1.89,89.05
simulannealbnd:,20.00,12.36,452.35
MCTS:,29.00,8.03,293.10
random:,18.00,4.11,334.17


s5a1_k1_3.txt
cmaes:,30.00,1.58,75.70
simulannealbnd:,29.00,3.17,144.38
MCTS:,30.00,3.32,114.80
random:,30.00,2.62,218.57


Data_s5a1_k2_1_4_9_10_0.0_LSTM,,,
s5a1_k2_1.txt
cmaes:,17.00,2.53,104.41
simulannealbnd:,28.00,6.56,244.25
MCTS:,30.00,6.01,204.90
random:,29.00,2.57,197.90


s5a1_k2_2.txt
cmaes:,14.00,3.70,172.29
simulannealbnd:,24.00,6.88,276.42
MCTS:,28.00,9.97,362.46
random:,25.00,4.09,327.40


s5a1_k2_3.txt
cmaes:,16.00,4.74,222.06
simulannealbnd:,26.00,4.94,222.96
MCTS:,28.00,5.79,207.68
random:,26.00,3.50,287.42


Data_s5a1_k3_1_4_9_10_0.0_LSTM,,,
s5a1_k3_1.txt
cmaes:,0.00,NaN,NaN
simulannealbnd:,0.00,NaN,NaN
MCTS:,0.00,NaN,NaN
random:,2.00,8.21,656.50


s5a1_k3_2.txt
cmaes:,3.00,1.38,64.00
simulannealbnd:,15.00,10.74,422.80
MCTS:,19.00,10.06,363.74
random:,21.00,3.72,390.10


s5a1_k3_3.txt
cmaes:,0.00,NaN,NaN
simulannealbnd:,8.00,8.07,309.88
MCTS:,8.00,2.31,107.25
random:,9.00,3.49,445.78


Data_s5a1_k4_1_4_9_10_0.0_LSTM,,,
s5a1_k4_1.txt
cmaes:,3.00,4.15,175.33
simulannealbnd:,23.00,10.06,348.09
MCTS:,25.00,14.01,482.16
random:,17.00,6.21,477.76


s5a1_k4_2.txt
cmaes:,27.00,2.22,104.48
simulannealbnd:,30.00,3.99,165.40
MCTS:,30.00,4.91,151.73
random:,30.00,2.27,158.87


s5a1_k4_3.txt
cmaes:,4.00,1.97,96.75
simulannealbnd:,17.00,12.07,455.35
MCTS:,20.00,7.74,267.15
random:,21.00,4.96,383.19


Data_s5a1_k5_1_4_9_10_0.0_LSTM,,,
s5a1_k5_1.txt
cmaes:,0.00,NaN,NaN
simulannealbnd:,0.00,NaN,NaN
MCTS:,0.00,NaN,NaN
random:,0.00,NaN,NaN


s5a1_k5_2.txt
cmaes:,0.00,NaN,NaN
simulannealbnd:,0.00,NaN,NaN
MCTS:,0.00,NaN,NaN
random:,0.00,NaN,NaN


s5a1_k5_3.txt
cmaes:,30.00,0.64,27.97
simulannealbnd:,28.00,4.46,210.21
MCTS:,30.00,7.06,287.80
random:,27.00,2.64,222.81


Data_s5a2_k1_1_4_9_10_0.01_LSTM,,,
s5a2_k1_1.txt
cmaes:,10.00,6.02,249.60
simulannealbnd:,26.00,7.86,312.31
MCTS:,24.00,8.44,294.54
random:,22.00,5.90,484.82


s5a2_k1_2.txt
cmaes:,22.00,3.90,189.95
simulannealbnd:,30.00,3.89,174.50
MCTS:,30.00,1.93,66.17
random:,29.00,2.65,221.21


s5a2_k1_3.txt
cmaes:,5.00,1.55,74.60
simulannealbnd:,24.00,8.33,347.75
MCTS:,29.00,5.76,216.83
random:,29.00,4.31,378.38


Data_s5a2_k2_1_4_9_10_0.01_LSTM,,,
s5a2_k2_1.txt
cmaes:,17.00,2.63,108.00
simulannealbnd:,30.00,4.83,175.20
MCTS:,30.00,3.25,91.83
random:,30.00,1.32,99.10


s5a2_k2_2.txt
cmaes:,10.00,3.30,152.30
simulannealbnd:,29.00,4.58,184.28
MCTS:,30.00,3.70,119.70
random:,29.00,2.33,176.24


s5a2_k2_3.txt
cmaes:,12.00,2.53,112.17
simulannealbnd:,26.00,6.69,241.27
MCTS:,29.00,3.57,115.24
random:,28.00,4.17,319.43


Data_s5a2_k3_1_4_9_10_0.01_LSTM,,,
s5a2_k3_1.txt
cmaes:,24.00,2.53,97.71
simulannealbnd:,30.00,3.85,140.63
MCTS:,30.00,4.52,146.17
random:,26.00,6.25,468.12


s5a2_k3_2.txt
cmaes:,0.00,NaN,NaN
simulannealbnd:,0.00,NaN,NaN
MCTS:,0.00,NaN,NaN
random:,0.00,NaN,NaN


s5a2_k3_3.txt
cmaes:,0.00,NaN,NaN
simulannealbnd:,7.00,9.44,423.71
MCTS:,7.00,13.61,561.71
random:,3.00,9.16,754.00


Data_s5a2_k4_1_4_9_10_0.01_LSTM,,,
s5a2_k4_1.txt
cmaes:,1.00,1.81,75.00
simulannealbnd:,17.00,8.21,315.12
MCTS:,30.00,8.40,284.67
random:,28.00,3.94,302.82


s5a2_k4_2.txt
cmaes:,0.00,NaN,NaN
simulannealbnd:,0.00,NaN,NaN
MCTS:,0.00,NaN,NaN
random:,0.00,NaN,NaN


s5a2_k4_3.txt
cmaes:,21.00,3.08,163.52
simulannealbnd:,30.00,3.10,146.03
MCTS:,30.00,2.96,113.03
random:,30.00,1.01,92.97


Data_s5a2_k5_1_4_9_10_0.01_LSTM,,,
s5a2_k5_1.txt
cmaes:,9.00,10.61,340.00
simulannealbnd:,19.00,11.13,401.53
MCTS:,28.00,10.92,366.75
random:,23.00,5.15,393.43


s5a2_k5_2.txt
cmaes:,0.00,NaN,NaN
simulannealbnd:,0.00,NaN,NaN
MCTS:,0.00,NaN,NaN
random:,0.00,NaN,NaN


s5a2_k5_3.txt
cmaes:,0.00,NaN,NaN
simulannealbnd:,0.00,NaN,NaN
MCTS:,0.00,NaN,NaN
random:,0.00,NaN,NaN


Data_s5a3_k1_1_4_9_10_0.05_LSTM,,,
s5a3_k1_1.txt
cmaes:,15.00,5.05,188.13
simulannealbnd:,25.00,4.84,184.52
MCTS:,30.00,7.82,270.60
random:,22.00,4.93,385.41


s5a3_k1_2.txt
cmaes:,20.00,4.99,217.40
simulannealbnd:,29.00,4.17,166.97
MCTS:,30.00,3.78,148.83
random:,30.00,2.42,219.60


s5a3_k1_3.txt
cmaes:,5.00,2.65,136.00
simulannealbnd:,23.00,8.30,330.78
MCTS:,29.00,3.03,101.34
random:,29.00,2.32,179.86


Data_s5a3_k2_1_4_9_10_0.05_LSTM,,,
s5a3_k2_1.txt
cmaes:,22.00,4.97,191.09
simulannealbnd:,23.00,9.91,323.35
MCTS:,27.00,8.56,281.85
random:,21.00,5.87,453.52


s5a3_k2_2.txt
cmaes:,23.00,4.73,187.43
simulannealbnd:,30.00,3.51,138.10
MCTS:,30.00,2.64,83.17
random:,30.00,1.78,144.90


s5a3_k2_3.txt
cmaes:,24.00,2.03,102.71
simulannealbnd:,28.00,2.80,133.39
MCTS:,30.00,5.06,182.27
random:,30.00,2.40,192.77


Data_s5a3_k3_1_4_9_10_0.05_LSTM,,,
s5a3_k3_1.txt
cmaes:,0.00,NaN,NaN
simulannealbnd:,1.00,21.22,753.00
MCTS:,0.00,NaN,NaN
random:,0.00,NaN,NaN


s5a3_k3_2.txt
cmaes:,7.00,1.33,64.00
simulannealbnd:,30.00,6.50,291.77
MCTS:,28.00,6.60,254.43
random:,30.00,3.88,290.80


s5a3_k3_3.txt
cmaes:,1.00,2.03,104.00
simulannealbnd:,13.00,8.20,374.77
MCTS:,17.00,11.85,491.35
random:,13.00,5.15,466.38


Data_s5a3_k4_1_4_9_10_0.05_LSTM,,,
s5a3_k4_1.txt
cmaes:,21.00,4.26,149.67
simulannealbnd:,30.00,2.77,106.00
MCTS:,30.00,2.66,76.77
random:,30.00,2.45,176.07


s5a3_k4_2.txt
cmaes:,29.00,2.57,100.21
simulannealbnd:,29.00,3.33,120.00
MCTS:,30.00,2.54,77.83
random:,30.00,2.30,173.90


s5a3_k4_3.txt
cmaes:,30.00,3.00,130.80
simulannealbnd:,30.00,0.88,34.77
MCTS:,30.00,2.20,68.90
random:,30.00,0.80,58.23


Data_s5a3_k5_1_4_9_10_0.05_LSTM,,,
s5a3_k5_1.txt
cmaes:,0.00,NaN,NaN
simulannealbnd:,0.00,NaN,NaN
MCTS:,0.00,NaN,NaN
random:,0.00,NaN,NaN


s5a3_k5_2.txt
cmaes:,0.00,NaN,NaN
simulannealbnd:,2.00,10.86,469.00
MCTS:,1.00,10.47,341.00
random:,0.00,NaN,NaN


s5a3_k5_3.txt
cmaes:,1.00,23.92,959.00
simulannealbnd:,0.00,NaN,NaN
MCTS:,0.00,NaN,NaN
random:,0.00,NaN,NaN


Data_s5a4_k1_1_4_9_10_0.1_LSTM,,,
s5a4_k1_1.txt
cmaes:,9.00,11.09,422.11
simulannealbnd:,18.00,11.50,450.67
MCTS:,25.00,13.99,529.08
random:,16.00,4.50,406.75


s5a4_k1_2.txt
cmaes:,8.00,1.93,105.88
simulannealbnd:,30.00,1.80,92.27
MCTS:,30.00,3.24,120.10
random:,30.00,0.71,65.07


s5a4_k1_3.txt
cmaes:,1.00,1.14,64.00
simulannealbnd:,19.00,4.83,227.68
MCTS:,27.00,5.95,255.70
random:,23.00,4.31,428.17


Data_s5a4_k2_1_4_9_10_0.1_LSTM,,,
s5a4_k2_1.txt
cmaes:,28.00,0.85,26.11
simulannealbnd:,28.00,4.23,155.43
MCTS:,28.00,5.54,188.00
random:,30.00,2.90,221.00


s5a4_k2_2.txt
cmaes:,7.00,7.63,326.14
simulannealbnd:,19.00,6.69,280.42
MCTS:,28.00,10.39,407.68
random:,17.00,5.91,475.35


s5a4_k2_3.txt
cmaes:,21.00,5.66,264.86
simulannealbnd:,25.00,3.84,168.00
MCTS:,26.00,4.21,145.73
random:,30.00,1.84,152.60


Data_s5a4_k3_1_4_9_10_0.1_LSTM,,,
s5a4_k3_1.txt
cmaes:,0.00,NaN,NaN
simulannealbnd:,16.00,11.01,391.50
MCTS:,7.00,17.13,641.00
random:,8.00,4.82,381.00


s5a4_k3_2.txt
cmaes:,0.00,NaN,NaN
simulannealbnd:,25.00,8.48,343.64
MCTS:,29.00,6.57,210.17
random:,19.00,3.89,322.79


s5a4_k3_3.txt
cmaes:,1.00,0.63,26.00
simulannealbnd:,12.00,10.57,446.83
MCTS:,16.00,12.76,530.50
random:,21.00,4.71,436.48


Data_s5a4_k4_1_4_9_10_0.1_LSTM,,,
s5a4_k4_1.txt
cmaes:,27.00,3.82,166.96
simulannealbnd:,16.00,7.08,272.44
MCTS:,28.00,9.32,326.46
random:,16.00,6.23,494.38


s5a4_k4_2.txt
cmaes:,26.00,1.94,97.81
simulannealbnd:,29.00,2.02,88.72
MCTS:,29.00,8.61,312.93
random:,27.00,3.87,352.26


s5a4_k4_3.txt
cmaes:,5.00,3.38,170.80
simulannealbnd:,26.00,4.95,218.50
MCTS:,30.00,4.71,168.03
random:,30.00,2.30,184.97


Data_s5a4_k5_1_4_9_10_0.1_LSTM,,,
s5a4_k5_1.txt
cmaes:,0.00,NaN,NaN
simulannealbnd:,0.00,NaN,NaN
MCTS:,0.00,NaN,NaN
random:,0.00,NaN,NaN


s5a4_k5_2.txt
cmaes:,0.00,NaN,NaN
simulannealbnd:,0.00,NaN,NaN
MCTS:,0.00,NaN,NaN
random:,0.00,NaN,NaN


s5a4_k5_3.txt
cmaes:,5.00,3.67,215.40
simulannealbnd:,16.00,5.78,309.38
MCTS:,6.00,8.12,440.33
random:,8.00,2.90,359.75


Data_s5c1_k1_2_4_9_10_0.0_LSTM,,,
s5c1_k1_1.txt
cmaes:,27.00,4.87,209.07
simulannealbnd:,28.00,6.67,257.11
MCTS:,29.00,8.36,299.10
random:,28.00,4.10,300.68


s5c1_k1_2.txt
cmaes:,30.00,2.15,98.87
simulannealbnd:,30.00,1.55,66.47
MCTS:,30.00,1.27,40.90
random:,30.00,0.85,63.53


s5c1_k1_3.txt
cmaes:,26.00,1.58,79.04
simulannealbnd:,30.00,2.11,103.70
MCTS:,30.00,5.31,202.90
random:,29.00,3.72,309.10


Data_s5c1_k2_2_4_9_10_0.0_LSTM,,,
s5c1_k2_1.txt
cmaes:,27.00,6.94,265.81
simulannealbnd:,28.00,4.62,174.82
MCTS:,30.00,3.86,129.47
random:,29.00,3.64,254.21


s5c1_k2_2.txt
cmaes:,24.00,4.03,183.75
simulannealbnd:,28.00,1.95,84.50
MCTS:,30.00,4.82,166.07
random:,30.00,2.31,172.27


s5c1_k2_3.txt
cmaes:,9.00,3.95,223.33
simulannealbnd:,27.00,8.20,333.67
MCTS:,26.00,10.15,487.31
random:,14.00,3.56,373.00


Data_s5c1_k3_2_4_9_10_0.0_LSTM,,,
s5c1_k3_1.txt
cmaes:,11.00,14.59,550.18
simulannealbnd:,12.00,7.38,262.58
MCTS:,17.00,14.13,557.71
random:,10.00,4.17,377.50


s5c1_k3_2.txt
cmaes:,0.00,NaN,NaN
simulannealbnd:,0.00,NaN,NaN
MCTS:,0.00,NaN,NaN
random:,0.00,NaN,NaN


s5c1_k3_3.txt
cmaes:,24.00,4.18,223.33
simulannealbnd:,26.00,6.64,274.27
MCTS:,29.00,7.63,368.55
random:,30.00,2.68,285.80


Data_s5c1_k4_2_4_9_10_0.0_LSTM,,,
s5c1_k4_1.txt
cmaes:,28.00,3.17,126.93
simulannealbnd:,29.00,2.75,113.62
MCTS:,30.00,2.74,89.10
random:,30.00,2.38,163.97


s5c1_k4_2.txt
cmaes:,27.00,2.43,114.33
simulannealbnd:,30.00,1.33,56.77
MCTS:,30.00,2.08,68.60
random:,30.00,0.99,71.17


s5c1_k4_3.txt
cmaes:,28.00,4.43,202.04
simulannealbnd:,27.00,2.16,94.78
MCTS:,30.00,2.68,89.83
random:,30.00,1.04,77.97


Data_s5c1_k5_2_4_9_10_0.0_LSTM,,,
s5c1_k5_1.txt
cmaes:,0.00,NaN,NaN
simulannealbnd:,0.00,NaN,NaN
MCTS:,0.00,NaN,NaN
random:,0.00,NaN,NaN


s5c1_k5_2.txt
cmaes:,6.00,6.69,382.50
simulannealbnd:,24.00,13.20,571.00
MCTS:,21.00,9.26,479.81
random:,10.00,4.00,432.80


s5c1_k5_3.txt
cmaes:,0.00,NaN,NaN
simulannealbnd:,0.00,NaN,NaN
MCTS:,0.00,NaN,NaN
random:,0.00,NaN,NaN


Data_s5c2_k1_2_4_9_10_0.01_LSTM,,,
s5c2_k1_1.txt
cmaes:,30.00,1.35,50.43
simulannealbnd:,30.00,2.11,88.80
MCTS:,30.00,2.29,72.37
random:,30.00,1.04,73.37


s5c2_k1_2.txt
cmaes:,22.00,3.78,181.00
simulannealbnd:,30.00,2.34,97.90
MCTS:,30.00,4.51,162.77
random:,30.00,1.76,134.50


s5c2_k1_3.txt
cmaes:,29.00,1.63,80.45
simulannealbnd:,30.00,1.91,85.40
MCTS:,30.00,1.73,60.57
random:,30.00,0.88,66.00


Data_s5c2_k2_2_4_9_10_0.01_LSTM,,,
s5c2_k2_1.txt
cmaes:,27.00,3.14,125.63
simulannealbnd:,30.00,4.26,163.27
MCTS:,29.00,5.96,204.10
random:,29.00,4.19,289.83


s5c2_k2_2.txt
cmaes:,30.00,1.52,69.80
simulannealbnd:,30.00,1.19,52.07
MCTS:,30.00,1.80,53.17
random:,30.00,0.91,61.23


s5c2_k2_3.txt
cmaes:,29.00,2.97,109.21
simulannealbnd:,30.00,2.94,114.67
MCTS:,30.00,3.61,120.03
random:,30.00,2.44,154.40


Data_s5c2_k3_2_4_9_10_0.01_LSTM,,,
s5c2_k3_1.txt
cmaes:,28.00,2.12,84.18
simulannealbnd:,30.00,3.49,138.80
MCTS:,30.00,3.40,105.90
random:,29.00,2.58,173.48


s5c2_k3_2.txt
cmaes:,29.00,3.22,118.38
simulannealbnd:,30.00,2.60,91.00
MCTS:,30.00,2.02,65.93
random:,30.00,1.78,126.30


s5c2_k3_3.txt
cmaes:,28.00,1.30,55.50
simulannealbnd:,30.00,3.21,111.80
MCTS:,30.00,3.95,106.40
random:,30.00,1.79,100.93


Data_s5c2_k4_2_4_9_10_0.01_LSTM,,,
s5c2_k4_1.txt
cmaes:,30.00,2.91,116.50
simulannealbnd:,30.00,1.98,82.97
MCTS:,30.00,2.77,85.40
random:,30.00,1.74,117.47


s5c2_k4_2.txt
cmaes:,30.00,1.34,55.63
simulannealbnd:,30.00,1.24,51.30
MCTS:,30.00,1.57,44.33
random:,30.00,0.70,46.70


s5c2_k4_3.txt
cmaes:,30.00,2.07,94.33
simulannealbnd:,30.00,2.61,110.77
MCTS:,30.00,1.91,60.63
random:,30.00,0.59,45.07


Data_s5c2_k5_2_4_9_10_0.01_LSTM,,,
s5c2_k5_1.txt
cmaes:,22.00,5.26,223.09
simulannealbnd:,28.00,6.69,266.46
MCTS:,29.00,6.25,223.34
random:,16.00,6.88,497.94


s5c2_k5_2.txt
cmaes:,28.00,1.76,88.89
simulannealbnd:,29.00,6.74,299.86
MCTS:,30.00,9.97,396.63
random:,14.00,4.07,378.36


s5c2_k5_3.txt
cmaes:,28.00,0.61,33.75
simulannealbnd:,25.00,3.27,172.12
MCTS:,29.00,3.17,149.66
random:,30.00,1.04,107.73


Data_s5c3_k1_2_4_9_10_0.05_LSTM,,,
s5c3_k1_1.txt
cmaes:,30.00,1.45,53.13
simulannealbnd:,30.00,1.02,40.37
MCTS:,30.00,1.34,38.90
random:,30.00,0.93,63.77


s5c3_k1_2.txt
cmaes:,30.00,2.21,101.80
simulannealbnd:,30.00,1.53,66.60
MCTS:,30.00,1.63,52.80
random:,30.00,0.93,66.03


s5c3_k1_3.txt
cmaes:,30.00,2.24,104.63
simulannealbnd:,30.00,1.27,55.07
MCTS:,30.00,1.81,59.93
random:,30.00,1.58,116.60


Data_s5c3_k2_2_4_9_10_0.05_LSTM,,,
s5c3_k2_1.txt
cmaes:,30.00,1.43,50.33
simulannealbnd:,30.00,2.21,79.10
MCTS:,30.00,1.64,45.70
random:,30.00,1.06,68.07


s5c3_k2_2.txt
cmaes:,30.00,0.77,30.60
simulannealbnd:,30.00,0.79,31.30
MCTS:,30.00,1.45,44.43
random:,30.00,0.70,48.03


s5c3_k2_3.txt
cmaes:,30.00,0.96,37.77
simulannealbnd:,30.00,1.13,46.93
MCTS:,30.00,1.31,40.80
random:,30.00,0.73,46.63


Data_s5c3_k3_2_4_9_10_0.05_LSTM,,,
s5c3_k3_1.txt
cmaes:,30.00,1.26,41.67
simulannealbnd:,30.00,1.43,53.47
MCTS:,30.00,0.95,25.20
random:,30.00,0.65,41.83


s5c3_k3_2.txt
cmaes:,28.00,4.37,194.36
simulannealbnd:,30.00,1.30,56.13
MCTS:,30.00,1.56,49.30
random:,30.00,0.66,47.03


s5c3_k3_3.txt
cmaes:,30.00,3.46,159.20
simulannealbnd:,30.00,2.84,116.53
MCTS:,30.00,2.32,78.73
random:,30.00,1.36,101.17


Data_s5c3_k4_2_4_9_10_0.05_LSTM,,,
s5c3_k4_1.txt
cmaes:,30.00,2.52,95.13
simulannealbnd:,30.00,0.89,32.60
MCTS:,30.00,1.56,39.73
random:,30.00,0.99,63.47


s5c3_k4_2.txt
cmaes:,30.00,0.63,19.03
simulannealbnd:,30.00,1.45,60.97
MCTS:,30.00,1.26,35.00
random:,30.00,0.92,61.77


s5c3_k4_3.txt
cmaes:,30.00,0.93,37.87
simulannealbnd:,30.00,1.36,54.97
MCTS:,30.00,1.82,56.40
random:,30.00,0.47,32.73


Data_s5c3_k5_2_4_9_10_0.05_LSTM,,,
s5c3_k5_1.txt
cmaes:,6.00,2.63,127.67
simulannealbnd:,30.00,2.15,100.60
MCTS:,30.00,2.49,85.93
random:,30.00,1.08,82.77


s5c3_k5_2.txt
cmaes:,30.00,0.93,45.17
simulannealbnd:,30.00,0.83,37.13
MCTS:,30.00,0.84,25.90
random:,30.00,0.40,30.83


s5c3_k5_3.txt
cmaes:,8.00,3.94,201.00
simulannealbnd:,30.00,4.93,215.20
MCTS:,30.00,2.35,93.90
random:,30.00,1.02,93.90


Data_s5c4_k1_1_4_9_10_0.1_LSTM,,,
s5c4_k1_1.txt
cmaes:,15.00,2.08,80.73
simulannealbnd:,30.00,1.86,71.77
MCTS:,30.00,1.66,53.50
random:,30.00,0.42,34.17


s5c4_k1_2.txt
cmaes:,21.00,4.20,201.10
simulannealbnd:,30.00,3.95,169.27
MCTS:,30.00,4.42,158.37
random:,30.00,1.28,112.33


s5c4_k1_3.txt
cmaes:,8.00,2.04,100.25
simulannealbnd:,29.00,5.07,213.93
MCTS:,25.00,4.77,187.52
random:,30.00,1.11,115.60


Data_s5c4_k2_1_4_9_10_0.1_LSTM,,,
s5c4_k2_1.txt
cmaes:,23.00,1.62,57.52
simulannealbnd:,30.00,2.15,92.23
MCTS:,30.00,3.03,90.13
random:,30.00,1.22,89.27


s5c4_k2_2.txt
cmaes:,27.00,1.15,51.33
simulannealbnd:,30.00,2.20,95.43
MCTS:,30.00,2.23,78.53
random:,30.00,1.10,95.80


s5c4_k2_3.txt
cmaes:,26.00,0.78,26.88
simulannealbnd:,30.00,2.89,138.13
MCTS:,30.00,3.42,122.70
random:,28.00,1.81,160.36


Data_s5c4_k3_1_4_9_10_0.1_LSTM,,,
s5c4_k3_1.txt
cmaes:,14.00,6.35,238.07
simulannealbnd:,28.00,5.14,202.75
MCTS:,28.00,8.68,289.07
random:,25.00,4.22,369.00


s5c4_k3_2.txt
cmaes:,24.00,1.37,65.17
simulannealbnd:,29.00,2.78,126.03
MCTS:,30.00,1.77,59.83
random:,30.00,0.70,58.10


s5c4_k3_3.txt
cmaes:,30.00,1.99,108.07
simulannealbnd:,30.00,2.70,118.77
MCTS:,30.00,6.81,257.83
random:,29.00,3.59,307.69


Data_s5c4_k4_1_4_9_10_0.1_LSTM,,,
s5c4_k4_1.txt
cmaes:,8.00,2.81,125.00
simulannealbnd:,26.00,4.51,193.77
MCTS:,28.00,4.41,168.32
random:,29.00,3.23,279.79


s5c4_k4_2.txt
cmaes:,8.00,4.93,252.50
simulannealbnd:,18.00,7.13,359.50
MCTS:,22.00,7.01,383.14
random:,26.00,2.55,325.23


s5c4_k4_3.txt
cmaes:,23.00,1.39,82.30
simulannealbnd:,8.00,8.80,351.50
MCTS:,5.00,10.01,477.20
random:,3.00,3.82,491.67


Data_s5c4_k5_1_4_9_10_0.1_LSTM,,,
s5c4_k5_1.txt
cmaes:,3.00,22.15,818.67
simulannealbnd:,2.00,3.39,182.50
MCTS:,0.00,NaN,NaN
random:,0.00,NaN,NaN


s5c4_k5_2.txt
cmaes:,0.00,NaN,NaN
simulannealbnd:,0.00,NaN,NaN
MCTS:,0.00,NaN,NaN
random:,0.00,NaN,NaN


s5c4_k5_3.txt
cmaes:,11.00,8.65,474.36
simulannealbnd:,1.00,7.46,414.00
MCTS:,2.00,14.18,782.50
random:,0.00,NaN,NaN


