Data_cc3a1_k1_1_4_9_10_0.0_LSTM,,,
cc3a1_k1_1.txt
cmaes:,30.00,0.86,18.43
simulannealbnd:,30.00,0.92,26.37
MCTS:,30.00,0.95,15.37
random:,30.00,0.24,14.87


cc3a1_k1_2.txt
cmaes:,29.00,1.66,66.17
simulannealbnd:,30.00,1.11,40.57
MCTS:,30.00,1.68,39.90
random:,30.00,0.61,40.50


cc3a1_k1_3.txt
cmaes:,30.00,1.15,44.63
simulannealbnd:,30.00,0.63,22.47
MCTS:,30.00,1.34,30.80
random:,30.00,0.28,20.27


Data_cc3a1_k2_1_4_9_10_0.0_LSTM,,,
cc3a1_k2_1.txt
cmaes:,30.00,1.11,28.47
simulannealbnd:,30.00,0.60,13.63
MCTS:,30.00,1.20,23.50
random:,30.00,0.24,14.67


cc3a1_k2_2.txt
cmaes:,30.00,0.78,27.27
simulannealbnd:,30.00,0.66,22.23
MCTS:,30.00,1.25,26.73
random:,30.00,0.32,21.33


cc3a1_k2_3.txt
cmaes:,30.00,0.93,36.13
simulannealbnd:,30.00,0.59,19.33
MCTS:,30.00,1.12,23.77
random:,30.00,0.19,12.60


Data_cc3a1_k3_1_4_9_10_0.0_LSTM,,,
cc3a1_k3_1.txt
cmaes:,29.00,1.90,64.41
simulannealbnd:,30.00,1.23,46.00
MCTS:,30.00,2.33,58.07
random:,30.00,0.75,50.43


cc3a1_k3_2.txt
cmaes:,29.00,0.75,23.72
simulannealbnd:,30.00,0.94,33.03
MCTS:,30.00,1.11,23.97
random:,30.00,0.40,27.37


cc3a1_k3_3.txt
cmaes:,30.00,1.24,48.30
simulannealbnd:,30.00,0.91,34.07
MCTS:,30.00,1.45,36.63
random:,30.00,0.34,24.23


Data_cc3a1_k4_1_4_9_10_0.0_LSTM,,,
cc3a1_k4_1.txt
cmaes:,29.00,1.95,58.14
simulannealbnd:,30.00,1.09,37.57
MCTS:,30.00,1.43,32.50
random:,30.00,0.38,24.43


cc3a1_k4_2.txt
cmaes:,30.00,1.09,40.53
simulannealbnd:,30.00,0.76,24.43
MCTS:,30.00,1.33,27.23
random:,30.00,0.29,19.83


cc3a1_k4_3.txt
cmaes:,30.00,0.80,26.50
simulannealbnd:,30.00,0.56,16.10
MCTS:,30.00,0.76,12.00
random:,30.00,0.14,9.47


Data_cc3a1_k5_1_4_9_10_0.0_LSTM,,,
cc3a1_k5_1.txt
cmaes:,29.00,2.16,77.76
simulannealbnd:,30.00,3.72,138.77
MCTS:,30.00,3.52,96.13
random:,30.00,1.77,118.93


cc3a1_k5_2.txt
cmaes:,23.00,3.18,138.52
simulannealbnd:,30.00,4.44,171.97
MCTS:,30.00,4.59,142.67
random:,30.00,2.56,191.53


cc3a1_k5_3.txt
cmaes:,30.00,1.05,42.17
simulannealbnd:,30.00,0.83,30.77
MCTS:,30.00,1.14,24.40
random:,30.00,0.25,18.87


Data_cc3a1d10_k1_1_4_9_10_0.0_LSTM,,,
cc3a1d10_k1_1.txt
cmaes:,30.00,0.50,7.17
simulannealbnd:,30.00,0.36,6.57
MCTS:,30.00,0.75,9.63
random:,30.00,0.10,6.17


cc3a1d10_k1_2.txt
cmaes:,30.00,0.29,6.00
simulannealbnd:,30.00,0.23,4.17
MCTS:,30.00,0.58,4.67
random:,30.00,0.06,3.70


cc3a1d10_k1_3.txt
cmaes:,30.00,0.06,1.00
simulannealbnd:,30.00,0.06,1.00
MCTS:,30.00,0.79,11.43
random:,30.00,0.05,3.50


Data_cc3a1d10_k2_1_4_9_10_0.0_LSTM,,,
cc3a1d10_k2_1.txt
cmaes:,30.00,0.22,1.00
simulannealbnd:,30.00,0.09,1.00
MCTS:,30.00,0.73,6.10
random:,30.00,0.06,3.23


cc3a1d10_k2_2.txt
cmaes:,30.00,0.57,15.23
simulannealbnd:,30.00,0.44,10.00
MCTS:,30.00,0.67,8.47
random:,30.00,0.13,9.70


cc3a1d10_k2_3.txt
cmaes:,30.00,0.06,1.00
simulannealbnd:,30.00,0.06,1.00
MCTS:,30.00,0.68,8.77
random:,30.00,0.04,3.13


Data_cc3a1d10_k3_1_4_9_10_0.0_LSTM,,,
cc3a1d10_k3_1.txt
cmaes:,30.00,0.83,18.23
simulannealbnd:,30.00,0.40,6.63
MCTS:,30.00,0.84,12.53
random:,30.00,0.15,8.63


cc3a1d10_k3_2.txt
cmaes:,30.00,0.49,14.53
simulannealbnd:,30.00,0.36,8.23
MCTS:,30.00,0.75,12.83
random:,30.00,0.18,12.30


cc3a1d10_k3_3.txt
cmaes:,30.00,0.55,15.63
simulannealbnd:,30.00,0.40,10.70
MCTS:,30.00,0.65,13.80
random:,30.00,0.10,9.10


Data_cc3a1d10_k4_1_4_9_10_0.0_LSTM,,,
cc3a1d10_k4_1.txt
cmaes:,30.00,0.21,1.00
simulannealbnd:,30.00,0.09,1.00
MCTS:,30.00,0.98,13.20
random:,30.00,0.04,2.40


cc3a1d10_k4_2.txt
cmaes:,30.00,0.58,17.03
simulannealbnd:,30.00,0.59,15.37
MCTS:,30.00,0.65,8.90
random:,30.00,0.15,10.90


cc3a1d10_k4_3.txt
cmaes:,30.00,0.07,1.00
simulannealbnd:,30.00,0.07,1.00
MCTS:,30.00,0.47,4.50
random:,30.00,0.05,4.00


Data_cc3a1d10_k5_1_4_9_10_0.0_LSTM,,,
cc3a1d10_k5_1.txt
cmaes:,30.00,0.84,19.33
simulannealbnd:,30.00,0.84,23.90
MCTS:,30.00,0.91,15.00
random:,30.00,0.25,15.83


cc3a1d10_k5_2.txt
cmaes:,30.00,0.77,25.70
simulannealbnd:,30.00,0.65,20.53
MCTS:,30.00,1.01,21.90
random:,30.00,0.21,16.07


cc3a1d10_k5_3.txt
cmaes:,30.00,0.43,15.33
simulannealbnd:,30.00,0.26,6.23
MCTS:,30.00,0.59,13.43
random:,30.00,0.06,5.60


Data_cc3a1d5_k1_1_4_9_10_0.0_LSTM,,,
cc3a1d5_k1_1.txt
cmaes:,29.00,0.93,25.14
simulannealbnd:,30.00,0.47,12.73
MCTS:,30.00,0.75,10.40
random:,30.00,0.13,8.07


cc3a1d5_k1_2.txt
cmaes:,26.00,1.31,54.38
simulannealbnd:,30.00,0.46,13.50
MCTS:,30.00,0.58,6.87
random:,30.00,0.12,9.13


cc3a1d5_k1_3.txt
cmaes:,30.00,0.57,19.23
simulannealbnd:,30.00,0.36,9.37
MCTS:,30.00,0.51,4.97
random:,30.00,0.05,5.77


Data_cc3a1d5_k2_1_4_9_10_0.0_LSTM,,,
cc3a1d5_k2_1.txt
cmaes:,28.00,1.29,37.57
simulannealbnd:,30.00,0.43,10.03
MCTS:,30.00,0.77,9.63
random:,30.00,0.09,5.50


cc3a1d5_k2_2.txt
cmaes:,21.00,0.44,12.90
simulannealbnd:,30.00,0.34,8.60
MCTS:,30.00,0.74,10.83
random:,30.00,0.14,9.00


cc3a1d5_k2_3.txt
cmaes:,24.00,0.75,28.92
simulannealbnd:,30.00,0.37,12.17
MCTS:,30.00,0.70,14.67
random:,30.00,0.16,14.93


Data_cc3a1d5_k3_1_4_9_10_0.0_LSTM,,,
cc3a1d5_k3_1.txt
cmaes:,26.00,0.70,14.23
simulannealbnd:,30.00,0.44,10.83
MCTS:,30.00,0.65,6.93
random:,30.00,0.11,6.57


cc3a1d5_k3_2.txt
cmaes:,21.00,1.23,45.71
simulannealbnd:,30.00,0.54,17.53
MCTS:,30.00,0.65,7.63
random:,30.00,0.28,19.83


cc3a1d5_k3_3.txt
cmaes:,25.00,0.92,36.28
simulannealbnd:,30.00,0.55,17.70
MCTS:,30.00,0.97,26.23
random:,30.00,0.24,19.83


Data_cc3a1d5_k4_1_4_9_10_0.0_LSTM,,,
cc3a1d5_k4_1.txt
cmaes:,30.00,0.76,16.27
simulannealbnd:,30.00,0.44,9.50
MCTS:,30.00,0.65,5.13
random:,30.00,0.11,5.97


cc3a1d5_k4_2.txt
cmaes:,27.00,0.62,18.85
simulannealbnd:,30.00,0.51,15.63
MCTS:,30.00,0.63,6.87
random:,30.00,0.12,7.80


cc3a1d5_k4_3.txt
cmaes:,22.00,0.70,26.95
simulannealbnd:,30.00,0.46,12.60
MCTS:,30.00,0.70,10.10
random:,30.00,0.14,9.87


Data_cc3a1d5_k5_1_4_9_10_0.0_LSTM,,,
cc3a1d5_k5_1.txt
cmaes:,0.00,NaN,NaN
simulannealbnd:,0.00,NaN,NaN
MCTS:,0.00,NaN,NaN
random:,0.00,NaN,NaN


cc3a1d5_k5_2.txt
cmaes:,0.00,NaN,NaN
simulannealbnd:,0.00,NaN,NaN
MCTS:,0.00,NaN,NaN
random:,0.00,NaN,NaN


cc3a1d5_k5_3.txt
cmaes:,3.00,3.15,195.00
simulannealbnd:,15.00,10.07,336.93
MCTS:,26.00,8.68,393.77
random:,5.00,5.88,661.00


Data_cc3a2_k1_1_4_9_10_0.01_LSTM,,,
cc3a2_k1_1.txt
cmaes:,30.00,0.23,1.00
simulannealbnd:,30.00,0.09,1.00
MCTS:,30.00,1.16,18.23
random:,30.00,0.25,15.37


cc3a2_k1_2.txt
cmaes:,30.00,0.44,12.00
simulannealbnd:,30.00,1.69,59.60
MCTS:,30.00,1.45,35.20
random:,30.00,0.55,37.90


cc3a2_k1_3.txt
cmaes:,0.00,NaN,NaN
simulannealbnd:,0.00,NaN,NaN
MCTS:,0.00,NaN,NaN
random:,0.00,NaN,NaN


Data_cc3a2_k2_1_4_9_10_0.01_LSTM,,,
cc3a2_k2_1.txt
cmaes:,30.00,0.99,25.17
simulannealbnd:,30.00,1.21,37.57
MCTS:,30.00,2.15,50.60
random:,30.00,0.59,40.90


cc3a2_k2_2.txt
cmaes:,30.00,0.54,16.87
simulannealbnd:,30.00,0.75,25.77
MCTS:,30.00,1.50,34.63
random:,30.00,0.34,22.93


cc3a2_k2_3.txt
cmaes:,30.00,0.28,6.00
simulannealbnd:,30.00,0.48,13.57
MCTS:,30.00,1.13,22.23
random:,30.00,0.19,12.63


Data_cc3a2_k3_1_4_9_10_0.01_LSTM,,,
cc3a2_k3_1.txt
cmaes:,30.00,1.31,37.03
simulannealbnd:,30.00,2.99,97.80
MCTS:,30.00,3.75,105.00
random:,30.00,2.09,137.53


cc3a2_k3_2.txt
cmaes:,27.00,3.15,130.93
simulannealbnd:,17.00,15.76,471.76
MCTS:,24.00,17.10,567.12
random:,16.00,4.93,386.62


cc3a2_k3_3.txt
cmaes:,0.00,NaN,NaN
simulannealbnd:,0.00,NaN,NaN
MCTS:,0.00,NaN,NaN
random:,0.00,NaN,NaN


Data_cc3a2_k4_1_4_9_10_0.01_LSTM,,,
cc3a2_k4_1.txt
cmaes:,30.00,0.60,9.67
simulannealbnd:,30.00,0.89,24.80
MCTS:,30.00,1.57,29.73
random:,30.00,0.54,33.83


cc3a2_k4_2.txt
cmaes:,30.00,0.55,18.57
simulannealbnd:,30.00,0.62,19.77
MCTS:,30.00,1.34,28.07
random:,30.00,0.20,13.57


cc3a2_k4_3.txt
cmaes:,30.00,0.06,1.00
simulannealbnd:,30.00,0.07,1.00
MCTS:,30.00,2.32,58.97
random:,30.00,0.98,64.93


Data_cc3a2_k5_1_4_9_10_0.01_LSTM,,,
cc3a2_k5_1.txt
cmaes:,0.00,NaN,NaN
simulannealbnd:,0.00,NaN,NaN
MCTS:,0.00,NaN,NaN
random:,0.00,NaN,NaN


cc3a2_k5_2.txt
cmaes:,0.00,NaN,NaN
simulannealbnd:,0.00,NaN,NaN
MCTS:,0.00,NaN,NaN
random:,0.00,NaN,NaN


cc3a2_k5_3.txt
cmaes:,0.00,NaN,NaN
simulannealbnd:,0.00,NaN,NaN
MCTS:,0.00,NaN,NaN
random:,0.00,NaN,NaN


Data_cc3a2d10_k1_1_4_9_10_0.01_LSTM,,,
cc3a2d10_k1_1.txt
cmaes:,30.00,0.74,15.47
simulannealbnd:,30.00,0.55,13.40
MCTS:,30.00,0.73,9.10
random:,30.00,0.08,5.17


cc3a2d10_k1_2.txt
cmaes:,30.00,0.63,20.47
simulannealbnd:,30.00,0.48,13.63
MCTS:,30.00,0.75,12.57
random:,30.00,0.15,10.13


cc3a2d10_k1_3.txt
cmaes:,30.00,0.44,13.47
simulannealbnd:,30.00,0.40,15.17
MCTS:,30.00,0.58,11.17
random:,30.00,0.12,10.60


Data_cc3a2d10_k2_1_4_9_10_0.01_LSTM,,,
cc3a2d10_k2_1.txt
cmaes:,30.00,0.64,10.83
simulannealbnd:,30.00,0.40,6.83
MCTS:,30.00,0.65,5.13
random:,30.00,0.10,5.67


cc3a2d10_k2_2.txt
cmaes:,30.00,0.42,10.13
simulannealbnd:,30.00,0.35,7.23
MCTS:,30.00,0.62,7.50
random:,30.00,0.07,6.00


cc3a2d10_k2_3.txt
cmaes:,30.00,0.32,7.03
simulannealbnd:,30.00,0.32,6.90
MCTS:,30.00,0.61,11.90
random:,30.00,0.12,8.20


Data_cc3a2d10_k3_1_4_9_10_0.01_LSTM,,,
cc3a2d10_k3_1.txt
cmaes:,29.00,0.91,22.66
simulannealbnd:,30.00,0.50,12.40
MCTS:,30.00,0.90,15.10
random:,30.00,0.10,7.17


cc3a2d10_k3_2.txt
cmaes:,30.00,0.49,14.87
simulannealbnd:,30.00,0.46,12.77
MCTS:,30.00,0.99,23.70
random:,30.00,0.19,17.33


cc3a2d10_k3_3.txt
cmaes:,30.00,0.62,27.27
simulannealbnd:,30.00,0.47,20.60
MCTS:,30.00,0.66,19.80
random:,30.00,0.13,13.30


Data_cc3a2d10_k4_1_4_9_10_0.01_LSTM,,,
cc3a2d10_k4_1.txt
cmaes:,30.00,1.01,26.23
simulannealbnd:,30.00,0.87,25.33
MCTS:,30.00,1.34,29.53
random:,30.00,0.29,18.97


cc3a2d10_k4_2.txt
cmaes:,30.00,0.35,8.80
simulannealbnd:,30.00,0.42,10.63
MCTS:,30.00,0.74,10.80
random:,30.00,0.09,7.07


cc3a2d10_k4_3.txt
cmaes:,30.00,0.30,7.80
simulannealbnd:,30.00,0.27,7.13
MCTS:,30.00,0.45,5.33
random:,30.00,0.05,4.27


Data_cc3a2d10_k5_1_4_9_10_0.01_LSTM,,,
cc3a2d10_k5_1.txt
cmaes:,27.00,2.24,83.22
simulannealbnd:,30.00,2.06,101.07
MCTS:,30.00,1.17,42.30
random:,30.00,0.69,76.60


cc3a2d10_k5_2.txt
cmaes:,3.00,14.81,561.67
simulannealbnd:,0.00,NaN,NaN
MCTS:,0.00,NaN,NaN
random:,0.00,NaN,NaN


cc3a2d10_k5_3.txt
cmaes:,20.00,3.18,196.95
simulannealbnd:,26.00,4.27,197.73
MCTS:,25.00,8.01,362.92
random:,25.00,2.98,335.84


Data_cc3a2d5_k1_1_4_9_10_0.01_LSTM,,,
cc3a2d5_k1_1.txt
cmaes:,30.00,0.49,7.17
simulannealbnd:,30.00,0.31,5.97
MCTS:,30.00,0.57,5.07
random:,30.00,0.09,5.93


cc3a2d5_k1_2.txt
cmaes:,30.00,0.27,5.57
simulannealbnd:,30.00,0.26,5.87
MCTS:,30.00,0.53,3.47
random:,30.00,0.08,4.97


cc3a2d5_k1_3.txt
cmaes:,30.00,0.32,8.77
simulannealbnd:,30.00,0.34,8.93
MCTS:,30.00,0.54,6.43
random:,30.00,0.21,14.13


Data_cc3a2d5_k2_1_4_9_10_0.01_LSTM,,,
cc3a2d5_k2_1.txt
cmaes:,30.00,0.70,16.50
simulannealbnd:,30.00,0.46,13.67
MCTS:,30.00,0.66,7.57
random:,30.00,0.15,9.20


cc3a2d5_k2_2.txt
cmaes:,30.00,0.43,10.00
simulannealbnd:,30.00,0.36,7.77
MCTS:,30.00,0.56,5.70
random:,30.00,0.12,7.97


cc3a2d5_k2_3.txt
cmaes:,30.00,0.06,1.00
simulannealbnd:,30.00,0.06,1.00
MCTS:,30.00,0.70,9.00
random:,30.00,0.18,11.97


Data_cc3a2d5_k3_1_4_9_10_0.01_LSTM,,,
cc3a2d5_k3_1.txt
cmaes:,30.00,0.42,4.17
simulannealbnd:,30.00,0.27,4.37
MCTS:,30.00,0.56,4.23
random:,30.00,0.10,5.90


cc3a2d5_k3_2.txt
cmaes:,30.00,0.41,10.93
simulannealbnd:,30.00,0.34,9.20
MCTS:,30.00,0.84,14.10
random:,30.00,0.12,8.03


cc3a2d5_k3_3.txt
cmaes:,30.00,0.39,9.30
simulannealbnd:,30.00,0.34,7.90
MCTS:,30.00,0.73,11.30
random:,30.00,0.13,8.97


Data_cc3a2d5_k4_1_4_9_10_0.01_LSTM,,,
cc3a2d5_k4_1.txt
cmaes:,30.00,0.70,13.70
simulannealbnd:,30.00,0.40,8.93
MCTS:,30.00,0.94,14.33
random:,30.00,0.19,11.47


cc3a2d5_k4_2.txt
cmaes:,30.00,0.28,5.93
simulannealbnd:,30.00,0.27,6.33
MCTS:,30.00,0.62,6.17
random:,30.00,0.07,4.43


cc3a2d5_k4_3.txt
cmaes:,30.00,0.40,10.37
simulannealbnd:,30.00,0.32,7.37
MCTS:,30.00,0.76,11.27
random:,30.00,0.11,7.63


Data_cc3a2d5_k5_1_4_9_10_0.01_LSTM,,,
cc3a2d5_k5_1.txt
cmaes:,30.00,0.24,1.00
simulannealbnd:,30.00,0.10,1.00
MCTS:,30.00,0.71,8.97
random:,30.00,0.13,7.90


cc3a2d5_k5_2.txt
cmaes:,30.00,0.30,5.83
simulannealbnd:,30.00,0.39,11.00
MCTS:,30.00,0.86,14.50
random:,30.00,0.18,12.30


cc3a2d5_k5_3.txt
cmaes:,30.00,0.39,9.97
simulannealbnd:,30.00,0.37,10.10
MCTS:,30.00,0.81,12.87
random:,30.00,0.11,7.60


Data_cc3a3_k1_1_4_9_10_0.05_LSTM,,,
cc3a3_k1_1.txt
cmaes:,30.00,1.63,47.97
simulannealbnd:,28.00,4.18,114.04
MCTS:,30.00,3.35,89.00
random:,30.00,1.78,119.73


cc3a3_k1_2.txt
cmaes:,30.00,1.04,40.33
simulannealbnd:,30.00,1.36,55.37
MCTS:,30.00,1.43,34.90
random:,30.00,0.60,43.50


cc3a3_k1_3.txt
cmaes:,30.00,1.00,36.27
simulannealbnd:,30.00,1.32,52.10
MCTS:,30.00,1.26,28.03
random:,30.00,0.45,32.10


Data_cc3a3_k2_1_4_9_10_0.05_LSTM,,,
cc3a3_k2_1.txt
cmaes:,30.00,1.72,48.20
simulannealbnd:,30.00,0.90,26.73
MCTS:,30.00,1.12,21.97
random:,30.00,0.40,23.57


cc3a3_k2_2.txt
cmaes:,30.00,0.64,19.37
simulannealbnd:,30.00,1.36,46.43
MCTS:,30.00,1.82,34.53
random:,30.00,0.56,35.30


cc3a3_k2_3.txt
cmaes:,30.00,0.67,19.97
simulannealbnd:,30.00,1.17,42.30
MCTS:,30.00,1.36,26.23
random:,30.00,0.60,38.87


Data_cc3a3_k3_1_4_9_10_0.05_LSTM,,,
cc3a3_k3_1.txt
cmaes:,29.00,3.12,112.34
simulannealbnd:,30.00,3.78,119.40
MCTS:,30.00,1.35,27.50
random:,30.00,1.32,85.50


cc3a3_k3_2.txt
cmaes:,19.00,6.22,238.95
simulannealbnd:,27.00,7.35,255.63
MCTS:,22.00,14.40,475.64
random:,13.00,8.84,650.08


cc3a3_k3_3.txt
cmaes:,30.00,0.92,35.63
simulannealbnd:,30.00,1.22,50.10
MCTS:,30.00,1.56,40.37
random:,30.00,0.62,46.77


Data_cc3a3_k4_1_4_9_10_0.05_LSTM,,,
cc3a3_k4_1.txt
cmaes:,30.00,1.78,52.97
simulannealbnd:,30.00,1.01,33.00
MCTS:,30.00,1.68,37.87
random:,30.00,0.44,27.57


cc3a3_k4_2.txt
cmaes:,29.00,4.31,127.97
simulannealbnd:,30.00,2.44,92.97
MCTS:,30.00,2.98,78.70
random:,30.00,1.55,103.97


cc3a3_k4_3.txt
cmaes:,30.00,1.56,60.67
simulannealbnd:,30.00,1.11,43.27
MCTS:,30.00,1.37,30.40
random:,30.00,0.58,38.93


Data_cc3a3_k5_1_4_9_10_0.05_LSTM,,,
cc3a3_k5_1.txt
cmaes:,0.00,NaN,NaN
simulannealbnd:,0.00,NaN,NaN
MCTS:,0.00,NaN,NaN
random:,0.00,NaN,NaN


cc3a3_k5_2.txt
cmaes:,0.00,NaN,NaN
simulannealbnd:,0.00,NaN,NaN
MCTS:,0.00,NaN,NaN
random:,0.00,NaN,NaN


cc3a3_k5_3.txt
cmaes:,29.00,2.82,171.83
simulannealbnd:,29.00,2.82,156.48
MCTS:,30.00,5.82,269.37
random:,24.00,3.78,418.04


Data_cc3a3d10_k1_1_4_9_10_0.05_LSTM,,,
cc3a3d10_k1_1.txt
cmaes:,30.00,0.62,13.83
simulannealbnd:,30.00,0.46,15.53
MCTS:,30.00,1.25,29.03
random:,30.00,0.22,17.67


cc3a3d10_k1_2.txt
cmaes:,28.00,0.43,16.04
simulannealbnd:,30.00,0.33,9.33
MCTS:,30.00,0.54,8.63
random:,30.00,0.07,6.33


cc3a3d10_k1_3.txt
cmaes:,28.00,0.56,25.93
simulannealbnd:,30.00,0.39,17.30
MCTS:,30.00,0.62,15.50
random:,30.00,0.15,14.60


Data_cc3a3d10_k2_1_4_9_10_0.05_LSTM,,,
cc3a3d10_k2_1.txt
cmaes:,28.00,0.92,28.46
simulannealbnd:,30.00,0.58,20.50
MCTS:,30.00,0.80,15.53
random:,30.00,0.14,10.13


cc3a3d10_k2_2.txt
cmaes:,25.00,0.81,32.72
simulannealbnd:,30.00,1.23,52.53
MCTS:,30.00,1.28,41.40
random:,30.00,0.49,45.60


cc3a3d10_k2_3.txt
cmaes:,27.00,0.40,18.15
simulannealbnd:,30.00,0.34,15.70
MCTS:,30.00,0.53,14.03
random:,30.00,0.12,13.07


Data_cc3a3d10_k3_1_4_9_10_0.05_LSTM,,,
cc3a3d10_k3_1.txt
cmaes:,29.00,0.67,15.21
simulannealbnd:,30.00,0.35,9.17
MCTS:,30.00,0.64,8.53
random:,30.00,0.08,5.03


cc3a3d10_k3_2.txt
cmaes:,23.00,0.54,19.39
simulannealbnd:,30.00,0.32,9.17
MCTS:,30.00,1.11,22.90
random:,30.00,0.07,5.77


cc3a3d10_k3_3.txt
cmaes:,23.00,0.36,12.26
simulannealbnd:,30.00,0.36,9.83
MCTS:,30.00,0.61,10.30
random:,30.00,0.10,8.03


Data_cc3a3d10_k4_1_4_9_10_0.05_LSTM,,,
cc3a3d10_k4_1.txt
cmaes:,30.00,0.64,13.27
simulannealbnd:,30.00,0.46,12.83
MCTS:,30.00,0.70,10.07
random:,30.00,0.16,11.03


cc3a3d10_k4_2.txt
cmaes:,30.00,0.53,19.73
simulannealbnd:,30.00,0.47,15.10
MCTS:,30.00,0.74,12.90
random:,30.00,0.14,11.43


cc3a3d10_k4_3.txt
cmaes:,21.00,0.41,17.33
simulannealbnd:,30.00,0.42,17.70
MCTS:,30.00,0.52,8.90
random:,30.00,0.10,9.30


Data_cc3a3d10_k5_1_4_9_10_0.05_LSTM,,,
cc3a3d10_k5_1.txt
cmaes:,25.00,0.74,18.96
simulannealbnd:,30.00,0.33,8.07
MCTS:,30.00,0.93,17.23
random:,30.00,0.14,9.53


cc3a3d10_k5_2.txt
cmaes:,23.00,1.34,60.22
simulannealbnd:,30.00,1.29,52.27
MCTS:,30.00,1.65,55.67
random:,30.00,0.61,61.67


cc3a3d10_k5_3.txt
cmaes:,28.00,0.65,27.75
simulannealbnd:,30.00,0.65,29.27
MCTS:,30.00,1.05,38.80
random:,30.00,0.20,23.17


Data_cc3a3d5_k1_1_4_9_10_0.05_LSTM,,,
cc3a3d5_k1_1.txt
cmaes:,30.00,0.22,1.00
simulannealbnd:,30.00,0.09,1.00
MCTS:,30.00,0.73,8.23
random:,30.00,0.04,2.13


cc3a3d5_k1_2.txt
cmaes:,23.00,0.46,13.26
simulannealbnd:,30.00,0.29,6.77
MCTS:,30.00,0.63,6.97
random:,30.00,0.06,4.27


cc3a3d5_k1_3.txt
cmaes:,30.00,0.06,1.00
simulannealbnd:,30.00,0.06,1.00
MCTS:,30.00,0.44,2.00
random:,30.00,0.03,1.80


Data_cc3a3d5_k2_1_4_9_10_0.05_LSTM,,,
cc3a3d5_k2_1.txt
cmaes:,30.00,0.23,1.00
simulannealbnd:,30.00,0.08,1.00
MCTS:,30.00,0.63,4.30
random:,30.00,0.04,2.10


cc3a3d5_k2_2.txt
cmaes:,30.00,0.35,8.13
simulannealbnd:,30.00,0.32,5.00
MCTS:,30.00,0.66,6.37
random:,30.00,0.09,5.63


cc3a3d5_k2_3.txt
cmaes:,30.00,0.07,1.00
simulannealbnd:,30.00,0.06,1.00
MCTS:,30.00,0.53,3.17
random:,30.00,0.03,2.07


Data_cc3a3d5_k3_1_4_9_10_0.05_LSTM,,,
cc3a3d5_k3_1.txt
cmaes:,30.00,0.22,1.00
simulannealbnd:,30.00,0.08,1.00
MCTS:,30.00,0.65,5.10
random:,30.00,0.04,1.90


cc3a3d5_k3_2.txt
cmaes:,30.00,0.50,13.00
simulannealbnd:,30.00,0.39,7.57
MCTS:,30.00,0.77,11.47
random:,30.00,0.07,4.37


cc3a3d5_k3_3.txt
cmaes:,30.00,0.07,1.00
simulannealbnd:,30.00,0.06,1.00
MCTS:,30.00,1.14,22.30
random:,30.00,0.06,3.93


Data_cc3a3d5_k4_1_4_9_10_0.05_LSTM,,,
cc3a3d5_k4_1.txt
cmaes:,27.00,0.43,4.67
simulannealbnd:,30.00,0.24,3.33
MCTS:,30.00,0.60,3.10
random:,30.00,0.04,2.27


cc3a3d5_k4_2.txt
cmaes:,30.00,0.07,1.00
simulannealbnd:,30.00,0.07,1.00
MCTS:,30.00,0.53,2.47
random:,30.00,0.03,1.90


cc3a3d5_k4_3.txt
cmaes:,30.00,0.07,1.00
simulannealbnd:,30.00,0.07,1.00
MCTS:,30.00,0.45,1.53
random:,30.00,0.04,2.60


Data_cc3a3d5_k5_1_4_9_10_0.05_LSTM,,,
cc3a3d5_k5_1.txt
cmaes:,22.00,0.98,34.14
simulannealbnd:,30.00,0.86,28.27
MCTS:,30.00,1.46,30.10
random:,30.00,0.31,19.33


cc3a3d5_k5_2.txt
cmaes:,11.00,0.53,20.55
simulannealbnd:,30.00,0.33,9.67
MCTS:,30.00,0.80,12.83
random:,30.00,0.06,4.40


cc3a3d5_k5_3.txt
cmaes:,29.00,0.41,14.24
simulannealbnd:,30.00,0.22,6.73
MCTS:,30.00,0.67,16.97
random:,30.00,0.05,5.27


Data_cc3a4_k1_1_4_9_10_0.1_LSTM,,,
cc3a4_k1_1.txt
cmaes:,12.00,1.45,54.92
simulannealbnd:,30.00,3.89,147.33
MCTS:,30.00,3.23,90.47
random:,30.00,1.46,106.73


cc3a4_k1_2.txt
cmaes:,29.00,2.61,105.24
simulannealbnd:,30.00,5.85,192.23
MCTS:,30.00,4.31,132.50
random:,30.00,2.17,164.57


cc3a4_k1_3.txt
cmaes:,27.00,3.69,146.04
simulannealbnd:,29.00,5.91,202.14
MCTS:,29.00,6.84,215.66
random:,28.00,4.96,377.43


Data_cc3a4_k2_1_4_9_10_0.1_LSTM,,,
cc3a4_k2_1.txt
cmaes:,30.00,0.80,15.17
simulannealbnd:,30.00,1.01,27.70
MCTS:,30.00,1.56,32.90
random:,30.00,0.42,24.70


cc3a4_k2_2.txt
cmaes:,29.00,1.84,65.34
simulannealbnd:,30.00,3.25,114.43
MCTS:,30.00,4.16,108.13
random:,30.00,1.66,108.27


cc3a4_k2_3.txt
cmaes:,30.00,1.16,42.33
simulannealbnd:,30.00,0.87,30.53
MCTS:,30.00,1.51,33.47
random:,30.00,0.22,13.93


Data_cc3a4_k3_1_4_9_10_0.1_LSTM,,,
cc3a4_k3_1.txt
cmaes:,15.00,2.53,98.00
simulannealbnd:,27.00,4.69,154.19
MCTS:,29.00,5.31,154.55
random:,28.00,2.18,157.54


cc3a4_k3_2.txt
cmaes:,0.00,NaN,NaN
simulannealbnd:,0.00,NaN,NaN
MCTS:,0.00,NaN,NaN
random:,0.00,NaN,NaN


cc3a4_k3_3.txt
cmaes:,30.00,0.32,8.90
simulannealbnd:,30.00,0.46,17.60
MCTS:,30.00,2.86,82.70
random:,30.00,0.32,24.67


Data_cc3a4_k4_1_4_9_10_0.1_LSTM,,,
cc3a4_k4_1.txt
cmaes:,29.00,3.80,113.07
simulannealbnd:,29.00,4.29,139.59
MCTS:,30.00,6.49,173.20
random:,29.00,3.61,234.00


cc3a4_k4_2.txt
cmaes:,30.00,1.72,60.87
simulannealbnd:,30.00,2.70,102.53
MCTS:,30.00,2.32,61.00
random:,30.00,1.01,69.67


cc3a4_k4_3.txt
cmaes:,30.00,2.98,116.07
simulannealbnd:,30.00,0.57,19.23
MCTS:,30.00,0.89,17.57
random:,30.00,0.15,10.77


Data_cc3a4_k5_1_4_9_10_0.1_LSTM,,,
cc3a4_k5_1.txt
cmaes:,0.00,NaN,NaN
simulannealbnd:,0.00,NaN,NaN
MCTS:,0.00,NaN,NaN
random:,0.00,NaN,NaN


cc3a4_k5_2.txt
cmaes:,0.00,NaN,NaN
simulannealbnd:,0.00,NaN,NaN
MCTS:,0.00,NaN,NaN
random:,0.00,NaN,NaN


cc3a4_k5_3.txt
cmaes:,0.00,NaN,NaN
simulannealbnd:,0.00,NaN,NaN
MCTS:,0.00,NaN,NaN
random:,0.00,NaN,NaN


Data_cc3a4d10_k1_1_4_9_10_0.1_LSTM,,,
cc3a4d10_k1_1.txt
cmaes:,30.00,0.49,7.87
simulannealbnd:,30.00,0.39,10.17
MCTS:,30.00,0.58,7.77
random:,30.00,0.10,7.00


cc3a4d10_k1_2.txt
cmaes:,30.00,0.47,15.73
simulannealbnd:,30.00,0.28,7.57
MCTS:,30.00,0.78,13.70
random:,30.00,0.12,8.03


cc3a4d10_k1_3.txt
cmaes:,30.00,0.31,8.90
simulannealbnd:,30.00,0.33,12.10
MCTS:,30.00,0.47,7.00
random:,30.00,0.10,9.57


Data_cc3a4d10_k2_1_4_9_10_0.1_LSTM,,,
cc3a4d10_k2_1.txt
cmaes:,30.00,0.41,4.93
simulannealbnd:,30.00,0.30,6.03
MCTS:,30.00,0.60,7.73
random:,30.00,0.07,4.60


cc3a4d10_k2_2.txt
cmaes:,30.00,0.32,6.23
simulannealbnd:,30.00,0.28,5.93
MCTS:,30.00,0.53,4.13
random:,30.00,0.06,3.53


cc3a4d10_k2_3.txt
cmaes:,30.00,0.32,6.57
simulannealbnd:,30.00,0.30,7.47
MCTS:,30.00,0.45,4.30
random:,30.00,0.05,4.03


Data_cc3a4d10_k3_1_4_9_10_0.1_LSTM,,,
cc3a4d10_k3_1.txt
cmaes:,30.00,0.69,15.90
simulannealbnd:,30.00,0.33,7.63
MCTS:,30.00,0.71,10.93
random:,30.00,0.11,7.00


cc3a4d10_k3_2.txt
cmaes:,29.00,0.92,38.69
simulannealbnd:,30.00,0.42,14.77
MCTS:,30.00,1.22,38.03
random:,30.00,0.15,13.43


cc3a4d10_k3_3.txt
cmaes:,30.00,0.22,7.23
simulannealbnd:,30.00,0.25,9.20
MCTS:,30.00,0.45,3.33
random:,30.00,0.10,7.67


Data_cc3a4d10_k4_1_4_9_10_0.1_LSTM,,,
cc3a4d10_k4_1.txt
cmaes:,30.00,0.40,3.77
simulannealbnd:,30.00,0.28,5.03
MCTS:,30.00,0.46,2.47
random:,30.00,0.04,2.10


cc3a4d10_k4_2.txt
cmaes:,30.00,0.38,9.87
simulannealbnd:,30.00,0.28,5.63
MCTS:,30.00,0.64,8.73
random:,30.00,0.12,7.57


cc3a4d10_k4_3.txt
cmaes:,30.00,0.24,4.03
simulannealbnd:,30.00,0.23,4.93
MCTS:,30.00,0.42,3.30
random:,30.00,0.04,3.27


Data_cc3a4d10_k5_1_4_9_10_0.1_LSTM,,,
cc3a4d10_k5_1.txt
cmaes:,30.00,0.56,10.90
simulannealbnd:,30.00,0.57,16.07
MCTS:,30.00,0.86,14.73
random:,30.00,0.12,7.67


cc3a4d10_k5_2.txt
cmaes:,30.00,0.54,18.47
simulannealbnd:,30.00,0.42,10.63
MCTS:,30.00,0.67,11.20
random:,30.00,0.07,5.83


cc3a4d10_k5_3.txt
cmaes:,30.00,0.74,31.73
simulannealbnd:,30.00,0.46,17.80
MCTS:,30.00,0.96,27.33
random:,30.00,0.13,13.07


Data_cc3a4d5_k1_1_4_9_10_0.1_LSTM,,,
cc3a4d5_k1_1.txt
cmaes:,30.00,0.56,9.93
simulannealbnd:,30.00,0.34,7.23
MCTS:,30.00,0.63,6.67
random:,30.00,0.10,5.80


cc3a4d5_k1_2.txt
cmaes:,30.00,0.35,6.47
simulannealbnd:,30.00,0.33,7.97
MCTS:,30.00,0.71,8.63
random:,30.00,0.15,10.43


cc3a4d5_k1_3.txt
cmaes:,30.00,0.29,7.23
simulannealbnd:,30.00,0.38,9.37
MCTS:,30.00,0.53,6.30
random:,30.00,0.05,4.70


Data_cc3a4d5_k2_1_4_9_10_0.1_LSTM,,,
cc3a4d5_k2_1.txt
cmaes:,28.00,0.43,5.00
simulannealbnd:,30.00,0.31,5.73
MCTS:,30.00,0.79,11.93
random:,30.00,0.09,4.80


cc3a4d5_k2_2.txt
cmaes:,30.00,0.41,7.30
simulannealbnd:,30.00,0.29,4.40
MCTS:,30.00,0.68,8.33
random:,30.00,0.05,3.30


cc3a4d5_k2_3.txt
cmaes:,30.00,0.42,11.73
simulannealbnd:,30.00,0.41,9.90
MCTS:,30.00,0.56,6.10
random:,30.00,0.07,5.37


Data_cc3a4d5_k3_1_4_9_10_0.1_LSTM,,,
cc3a4d5_k3_1.txt
cmaes:,25.00,0.72,17.28
simulannealbnd:,30.00,0.50,19.07
MCTS:,30.00,0.68,21.47
random:,30.00,0.07,7.33


cc3a4d5_k3_2.txt
cmaes:,30.00,0.32,13.00
simulannealbnd:,30.00,0.31,14.30
MCTS:,30.00,0.48,12.90
random:,30.00,0.08,9.37


cc3a4d5_k3_3.txt
cmaes:,30.00,0.19,6.80
simulannealbnd:,30.00,0.20,7.67
MCTS:,30.00,0.36,6.40
random:,30.00,0.08,8.77


Data_cc3a4d5_k4_1_4_9_10_0.1_LSTM,,,
cc3a4d5_k4_1.txt
cmaes:,30.00,0.52,6.77
simulannealbnd:,30.00,0.44,8.23
MCTS:,30.00,0.65,6.87
random:,30.00,0.10,6.00


cc3a4d5_k4_2.txt
cmaes:,30.00,0.48,10.10
simulannealbnd:,30.00,0.40,9.27
MCTS:,30.00,0.57,3.73
random:,30.00,0.07,4.30


cc3a4d5_k4_3.txt
cmaes:,30.00,0.34,7.90
simulannealbnd:,30.00,0.39,8.87
MCTS:,30.00,0.55,6.20
random:,30.00,0.06,4.60


Data_cc3a4d5_k5_1_4_9_10_0.1_LSTM,,,
cc3a4d5_k5_1.txt
cmaes:,30.00,0.22,1.00
simulannealbnd:,30.00,0.09,1.00
MCTS:,30.00,0.94,14.23
random:,30.00,0.11,6.90


cc3a4d5_k5_2.txt
cmaes:,30.00,0.41,8.50
simulannealbnd:,30.00,0.42,8.90
MCTS:,30.00,0.71,8.20
random:,30.00,0.09,5.97


cc3a4d5_k5_3.txt
cmaes:,29.00,0.88,32.69
simulannealbnd:,30.00,0.44,12.83
MCTS:,30.00,0.65,11.50
random:,30.00,0.09,8.53


Data_cc5a1_k1_1_4_9_10_0.0_LSTM,,,
cc5a1_k1_1.txt
cmaes:,29.00,1.73,63.83
simulannealbnd:,30.00,0.38,10.33
MCTS:,30.00,0.72,14.90
random:,30.00,0.08,5.73


cc5a1_k1_2.txt
cmaes:,30.00,1.46,62.70
simulannealbnd:,30.00,0.25,6.80
MCTS:,30.00,0.49,7.67
random:,30.00,0.11,7.90


cc5a1_k1_3.txt
cmaes:,30.00,0.73,32.13
simulannealbnd:,30.00,0.27,8.83
MCTS:,30.00,0.51,8.43
random:,30.00,0.09,6.83


Data_cc5a1_k2_1_4_9_10_0.0_LSTM,,,
cc5a1_k2_1.txt
cmaes:,30.00,1.73,54.67
simulannealbnd:,30.00,0.44,9.83
MCTS:,30.00,0.82,16.07
random:,30.00,0.17,11.33


cc5a1_k2_2.txt
cmaes:,29.00,0.93,41.07
simulannealbnd:,30.00,0.38,12.33
MCTS:,30.00,0.52,10.03
random:,30.00,0.14,12.60


cc5a1_k2_3.txt
cmaes:,30.00,1.25,58.00
simulannealbnd:,30.00,0.31,9.53
MCTS:,30.00,0.66,11.70
random:,30.00,0.13,9.63


Data_cc5a1_k3_1_4_9_10_0.0_LSTM,,,
cc5a1_k3_1.txt
cmaes:,30.00,1.91,72.50
simulannealbnd:,30.00,2.25,94.60
MCTS:,30.00,1.51,43.83
random:,30.00,0.49,39.70


cc5a1_k3_2.txt
cmaes:,30.00,0.96,46.40
simulannealbnd:,30.00,0.34,9.30
MCTS:,30.00,0.55,5.80
random:,30.00,0.07,5.07


cc5a1_k3_3.txt
cmaes:,27.00,0.84,38.59
simulannealbnd:,30.00,0.26,8.60
MCTS:,30.00,0.52,10.60
random:,30.00,0.08,7.57


Data_cc5a1_k4_1_4_9_10_0.0_LSTM,,,
cc5a1_k4_1.txt
cmaes:,30.00,1.33,41.30
simulannealbnd:,30.00,0.48,11.20
MCTS:,30.00,0.73,14.87
random:,30.00,0.16,12.20


cc5a1_k4_2.txt
cmaes:,30.00,1.00,45.90
simulannealbnd:,30.00,0.90,36.30
MCTS:,30.00,0.86,24.33
random:,30.00,0.26,23.23


cc5a1_k4_3.txt
cmaes:,28.00,0.89,44.50
simulannealbnd:,30.00,0.51,18.93
MCTS:,30.00,0.57,8.17
random:,30.00,0.14,12.20


Data_cc5a1_k5_1_4_9_10_0.0_LSTM,,,
cc5a1_k5_1.txt
cmaes:,30.00,1.44,50.70
simulannealbnd:,30.00,0.69,20.20
MCTS:,30.00,0.84,16.47
random:,30.00,0.32,21.27


cc5a1_k5_2.txt
cmaes:,30.00,0.28,8.77
simulannealbnd:,30.00,0.35,10.37
MCTS:,30.00,0.95,21.93
random:,30.00,0.21,15.83


cc5a1_k5_3.txt
cmaes:,30.00,0.86,44.53
simulannealbnd:,30.00,0.34,9.07
MCTS:,30.00,0.62,12.70
random:,30.00,0.06,5.27


Data_cc5a1d10_k1_1_4_9_10_0.0_LSTM,,,
cc5a1d10_k1_1.txt
cmaes:,27.00,3.52,95.63
simulannealbnd:,30.00,4.14,143.20
MCTS:,30.00,2.77,80.73
random:,30.00,0.90,61.97


cc5a1d10_k1_2.txt
cmaes:,13.00,10.94,374.00
simulannealbnd:,22.00,13.55,366.14
MCTS:,30.00,7.23,236.30
random:,23.00,5.08,375.04


cc5a1d10_k1_3.txt
cmaes:,27.00,1.91,87.70
simulannealbnd:,30.00,3.09,125.90
MCTS:,30.00,3.44,105.10
random:,30.00,1.11,80.80


Data_cc5a1d10_k2_1_4_9_10_0.0_LSTM,,,
cc5a1d10_k2_1.txt
cmaes:,27.00,1.01,27.63
simulannealbnd:,26.00,7.99,231.00
MCTS:,30.00,5.13,147.47
random:,30.00,2.64,179.97


cc5a1d10_k2_2.txt
cmaes:,0.00,NaN,NaN
simulannealbnd:,27.00,9.09,288.07
MCTS:,30.00,3.39,104.13
random:,30.00,0.73,52.87


cc5a1d10_k2_3.txt
cmaes:,29.00,4.93,188.34
simulannealbnd:,30.00,2.13,84.00
MCTS:,30.00,2.15,76.13
random:,30.00,0.42,39.43


Data_cc5a1d10_k3_1_4_9_10_0.0_LSTM,,,
cc5a1d10_k3_1.txt
cmaes:,1.00,1.50,55.00
simulannealbnd:,26.00,6.35,211.92
MCTS:,28.00,5.87,171.50
random:,29.00,2.89,206.41


cc5a1d10_k3_2.txt
cmaes:,30.00,1.52,63.37
simulannealbnd:,30.00,6.49,213.33
MCTS:,29.00,6.06,183.86
random:,30.00,3.24,230.90


cc5a1d10_k3_3.txt
cmaes:,24.00,2.03,86.88
simulannealbnd:,30.00,2.50,127.07
MCTS:,30.00,2.78,115.27
random:,29.00,1.98,197.90


Data_cc5a1d10_k4_1_4_9_10_0.0_LSTM,,,
cc5a1d10_k4_1.txt
cmaes:,25.00,3.20,115.00
simulannealbnd:,30.00,3.12,117.23
MCTS:,30.00,2.87,78.17
random:,30.00,1.25,83.77


cc5a1d10_k4_2.txt
cmaes:,11.00,3.39,141.27
simulannealbnd:,30.00,3.21,119.67
MCTS:,30.00,2.41,63.87
random:,30.00,0.56,38.27


cc5a1d10_k4_3.txt
cmaes:,25.00,2.15,86.84
simulannealbnd:,30.00,1.92,78.93
MCTS:,30.00,2.53,67.83
random:,30.00,0.85,57.13


Data_cc5a1d10_k5_1_4_9_10_0.0_LSTM,,,
cc5a1d10_k5_1.txt
cmaes:,0.00,NaN,NaN
simulannealbnd:,0.00,NaN,NaN
MCTS:,0.00,NaN,NaN
random:,0.00,NaN,NaN


cc5a1d10_k5_2.txt
cmaes:,0.00,NaN,NaN
simulannealbnd:,0.00,NaN,NaN
MCTS:,0.00,NaN,NaN
random:,0.00,NaN,NaN


cc5a1d10_k5_3.txt
cmaes:,0.00,NaN,NaN
simulannealbnd:,0.00,NaN,NaN
MCTS:,0.00,NaN,NaN
random:,0.00,NaN,NaN


Data_cc5a1d5_k1_1_4_9_10_0.0_LSTM,,,
cc5a1d5_k1_1.txt
cmaes:,28.00,0.82,20.54
simulannealbnd:,30.00,0.40,8.13
MCTS:,30.00,0.87,12.57
random:,30.00,0.18,11.00


cc5a1d5_k1_2.txt
cmaes:,30.00,0.65,21.07
simulannealbnd:,30.00,0.73,24.80
MCTS:,30.00,0.95,16.53
random:,30.00,0.25,16.53


cc5a1d5_k1_3.txt
cmaes:,25.00,0.35,8.84
simulannealbnd:,30.00,0.37,9.80
MCTS:,30.00,0.69,8.50
random:,30.00,0.09,5.57


Data_cc5a1d5_k2_1_4_9_10_0.0_LSTM,,,
cc5a1d5_k2_1.txt
cmaes:,22.00,1.97,70.55
simulannealbnd:,30.00,1.01,41.13
MCTS:,30.00,0.82,19.67
random:,30.00,0.32,26.20


cc5a1d5_k2_2.txt
cmaes:,30.00,0.62,23.93
simulannealbnd:,30.00,0.84,36.67
MCTS:,30.00,0.92,27.63
random:,30.00,0.44,34.90


cc5a1d5_k2_3.txt
cmaes:,30.00,0.41,15.87
simulannealbnd:,30.00,0.78,31.53
MCTS:,30.00,0.82,21.17
random:,30.00,0.19,19.07


Data_cc5a1d5_k3_1_4_9_10_0.0_LSTM,,,
cc5a1d5_k3_1.txt
cmaes:,18.00,3.43,119.33
simulannealbnd:,30.00,0.75,28.13
MCTS:,30.00,1.48,39.03
random:,30.00,0.43,33.80


cc5a1d5_k3_2.txt
cmaes:,18.00,1.77,86.78
simulannealbnd:,30.00,1.36,57.70
MCTS:,30.00,1.25,40.10
random:,30.00,0.49,40.17


cc5a1d5_k3_3.txt
cmaes:,30.00,1.14,53.43
simulannealbnd:,30.00,1.26,56.23
MCTS:,30.00,1.07,37.37
random:,30.00,0.49,50.17


Data_cc5a1d5_k4_1_4_9_10_0.0_LSTM,,,
cc5a1d5_k4_1.txt
cmaes:,21.00,3.69,152.29
simulannealbnd:,29.00,5.63,222.28
MCTS:,30.00,4.67,224.30
random:,30.00,1.35,148.23


cc5a1d5_k4_2.txt
cmaes:,26.00,0.58,35.88
simulannealbnd:,30.00,0.42,22.50
MCTS:,30.00,0.73,22.80
random:,30.00,0.24,25.93


cc5a1d5_k4_3.txt
cmaes:,30.00,0.65,39.43
simulannealbnd:,30.00,0.84,50.17
MCTS:,30.00,0.80,28.03
random:,30.00,0.28,31.03


Data_cc5a1d5_k5_1_4_9_10_0.0_LSTM,,,
cc5a1d5_k5_1.txt
cmaes:,30.00,1.68,54.10
simulannealbnd:,30.00,1.44,53.33
MCTS:,30.00,1.75,43.30
random:,30.00,0.50,32.47


cc5a1d5_k5_2.txt
cmaes:,3.00,1.88,87.00
simulannealbnd:,30.00,0.55,20.33
MCTS:,30.00,0.89,15.37
random:,30.00,0.23,15.83


cc5a1d5_k5_3.txt
cmaes:,4.00,1.35,67.25
simulannealbnd:,30.00,0.81,35.17
MCTS:,30.00,1.01,27.30
random:,30.00,0.27,23.67


Data_cc5a2_k1_1_4_9_10_0.01_LSTM,,,
cc5a2_k1_1.txt
cmaes:,30.00,0.46,6.30
simulannealbnd:,30.00,0.29,5.30
MCTS:,30.00,0.65,6.63
random:,30.00,0.07,3.57


cc5a2_k1_2.txt
cmaes:,30.00,0.45,12.50
simulannealbnd:,30.00,0.44,12.73
MCTS:,30.00,0.53,7.47
random:,30.00,0.12,9.37


cc5a2_k1_3.txt
cmaes:,30.00,0.16,2.63
simulannealbnd:,30.00,0.30,6.47
MCTS:,30.00,0.54,5.27
random:,30.00,0.05,3.77


Data_cc5a2_k2_1_4_9_10_0.01_LSTM,,,
cc5a2_k2_1.txt
cmaes:,30.00,0.65,12.90
simulannealbnd:,30.00,0.41,9.57
MCTS:,30.00,0.69,8.00
random:,30.00,0.11,6.17


cc5a2_k2_2.txt
cmaes:,30.00,0.30,7.03
simulannealbnd:,30.00,0.31,8.40
MCTS:,30.00,0.47,4.97
random:,30.00,0.05,4.03


cc5a2_k2_3.txt
cmaes:,30.00,0.26,7.50
simulannealbnd:,30.00,0.45,13.10
MCTS:,30.00,0.59,9.90
random:,30.00,0.09,7.63


Data_cc5a2_k3_1_4_9_10_0.01_LSTM,,,
cc5a2_k3_1.txt
cmaes:,30.00,0.44,6.07
simulannealbnd:,30.00,0.31,5.90
MCTS:,30.00,0.51,3.73
random:,30.00,0.08,4.57


cc5a2_k3_2.txt
cmaes:,30.00,0.32,6.90
simulannealbnd:,30.00,0.26,6.33
MCTS:,30.00,0.42,2.67
random:,30.00,0.09,5.93


cc5a2_k3_3.txt
cmaes:,30.00,0.28,5.60
simulannealbnd:,30.00,0.32,7.43
MCTS:,30.00,0.52,6.00
random:,30.00,0.08,6.10


Data_cc5a2_k4_1_4_9_10_0.01_LSTM,,,
cc5a2_k4_1.txt
cmaes:,30.00,0.71,15.80
simulannealbnd:,30.00,0.37,7.50
MCTS:,30.00,0.65,6.00
random:,30.00,0.10,5.53


cc5a2_k4_2.txt
cmaes:,30.00,0.29,6.20
simulannealbnd:,30.00,0.31,8.03
MCTS:,30.00,0.61,9.40
random:,30.00,0.08,6.30


cc5a2_k4_3.txt
cmaes:,30.00,0.18,2.57
simulannealbnd:,30.00,0.30,5.97
MCTS:,30.00,0.46,4.93
random:,30.00,0.06,4.07


Data_cc5a2_k5_1_4_9_10_0.01_LSTM,,,
cc5a2_k5_1.txt
cmaes:,30.00,0.69,12.47
simulannealbnd:,30.00,0.40,8.10
MCTS:,30.00,0.84,12.03
random:,30.00,0.14,8.53


cc5a2_k5_2.txt
cmaes:,30.00,0.17,2.30
simulannealbnd:,30.00,0.28,5.73
MCTS:,30.00,0.48,4.83
random:,30.00,0.05,3.57


cc5a2_k5_3.txt
cmaes:,30.00,0.17,2.47
simulannealbnd:,30.00,0.26,4.60
MCTS:,30.00,0.41,2.60
random:,30.00,0.05,4.03


Data_cc5a2d10_k1_1_4_9_10_0.01_LSTM,,,
cc5a2d10_k1_1.txt
cmaes:,30.00,0.21,1.00
simulannealbnd:,30.00,0.09,1.00
MCTS:,30.00,1.27,21.63
random:,30.00,0.07,3.73


cc5a2d10_k1_2.txt
cmaes:,30.00,0.07,1.00
simulannealbnd:,30.00,0.07,1.00
MCTS:,30.00,1.30,25.17
random:,30.00,0.07,3.93


cc5a2d10_k1_3.txt
cmaes:,30.00,0.18,2.17
simulannealbnd:,30.00,0.25,4.60
MCTS:,30.00,0.91,14.83
random:,30.00,0.08,4.93


Data_cc5a2d10_k2_1_4_9_10_0.01_LSTM,,,
cc5a2d10_k2_1.txt
cmaes:,30.00,0.19,1.00
simulannealbnd:,30.00,0.09,1.00
MCTS:,30.00,1.16,21.70
random:,30.00,0.08,4.47


cc5a2d10_k2_2.txt
cmaes:,29.00,0.25,4.59
simulannealbnd:,30.00,0.36,10.63
MCTS:,30.00,1.25,24.73
random:,30.00,0.09,4.97


cc5a2d10_k2_3.txt
cmaes:,30.00,0.06,1.00
simulannealbnd:,30.00,0.06,1.00
MCTS:,30.00,0.99,19.30
random:,30.00,0.07,5.07


Data_cc5a2d10_k3_1_4_9_10_0.01_LSTM,,,
cc5a2d10_k3_1.txt
cmaes:,30.00,0.22,1.00
simulannealbnd:,30.00,0.09,1.00
MCTS:,30.00,1.53,25.87
random:,30.00,0.09,4.53


cc5a2d10_k3_2.txt
cmaes:,30.00,0.07,1.00
simulannealbnd:,30.00,0.07,1.00
MCTS:,30.00,1.29,23.80
random:,30.00,0.09,5.33


cc5a2d10_k3_3.txt
cmaes:,30.00,0.07,1.00
simulannealbnd:,30.00,0.07,1.00
MCTS:,30.00,1.24,23.37
random:,30.00,0.11,6.47


Data_cc5a2d10_k4_1_4_9_10_0.01_LSTM,,,
cc5a2d10_k4_1.txt
cmaes:,30.00,0.23,1.00
simulannealbnd:,30.00,0.09,1.00
MCTS:,30.00,1.14,15.57
random:,30.00,0.14,6.77


cc5a2d10_k4_2.txt
cmaes:,30.00,0.07,1.00
simulannealbnd:,30.00,0.07,1.00
MCTS:,30.00,1.07,16.97
random:,30.00,0.09,4.97


cc5a2d10_k4_3.txt
cmaes:,30.00,0.54,14.47
simulannealbnd:,30.00,0.50,11.77
MCTS:,30.00,0.98,17.47
random:,30.00,0.13,8.13


Data_cc5a2d10_k5_1_4_9_10_0.01_LSTM,,,
cc5a2d10_k5_1.txt
cmaes:,24.00,1.78,65.88
simulannealbnd:,30.00,1.79,75.97
MCTS:,30.00,2.64,73.47
random:,30.00,0.76,54.47


cc5a2d10_k5_2.txt
cmaes:,24.00,0.25,5.29
simulannealbnd:,30.00,0.37,10.33
MCTS:,30.00,1.12,24.00
random:,30.00,0.08,5.50


cc5a2d10_k5_3.txt
cmaes:,30.00,0.23,3.83
simulannealbnd:,30.00,0.24,5.33
MCTS:,30.00,1.49,36.17
random:,30.00,0.07,5.23


Data_cc5a2d5_k1_1_4_9_10_0.01_LSTM,,,
cc5a2d5_k1_1.txt
cmaes:,30.00,0.63,12.47
simulannealbnd:,30.00,0.48,11.80
MCTS:,30.00,0.69,10.43
random:,30.00,0.11,6.57


cc5a2d5_k1_2.txt
cmaes:,30.00,0.89,33.33
simulannealbnd:,30.00,0.89,35.43
MCTS:,30.00,1.02,22.43
random:,30.00,0.35,21.83


cc5a2d5_k1_3.txt
cmaes:,30.00,0.75,28.20
simulannealbnd:,30.00,0.66,22.17
MCTS:,30.00,0.68,9.17
random:,30.00,0.36,25.07


Data_cc5a2d5_k2_1_4_9_10_0.01_LSTM,,,
cc5a2d5_k2_1.txt
cmaes:,30.00,1.33,38.50
simulannealbnd:,30.00,0.63,20.13
MCTS:,30.00,0.94,17.27
random:,30.00,0.26,17.60


cc5a2d5_k2_2.txt
cmaes:,30.00,0.64,19.57
simulannealbnd:,30.00,0.74,24.10
MCTS:,30.00,1.24,28.50
random:,30.00,0.22,15.20


cc5a2d5_k2_3.txt
cmaes:,29.00,0.49,15.66
simulannealbnd:,30.00,0.36,9.30
MCTS:,30.00,0.79,12.27
random:,30.00,0.09,6.87


Data_cc5a2d5_k3_1_4_9_10_0.01_LSTM,,,
cc5a2d5_k3_1.txt
cmaes:,30.00,0.80,19.80
simulannealbnd:,30.00,0.63,16.30
MCTS:,30.00,0.92,13.47
random:,30.00,0.28,16.87


cc5a2d5_k3_2.txt
cmaes:,27.00,0.56,17.33
simulannealbnd:,30.00,0.44,11.17
MCTS:,30.00,0.87,13.30
random:,30.00,0.13,8.13


cc5a2d5_k3_3.txt
cmaes:,30.00,0.60,20.40
simulannealbnd:,30.00,0.61,21.10
MCTS:,30.00,1.22,26.90
random:,30.00,0.32,20.87


Data_cc5a2d5_k4_1_4_9_10_0.01_LSTM,,,
cc5a2d5_k4_1.txt
cmaes:,29.00,0.86,21.59
simulannealbnd:,30.00,0.51,12.17
MCTS:,30.00,0.78,9.60
random:,30.00,0.13,7.77


cc5a2d5_k4_2.txt
cmaes:,29.00,0.63,18.97
simulannealbnd:,30.00,0.52,15.07
MCTS:,30.00,0.96,15.90
random:,30.00,0.15,9.50


cc5a2d5_k4_3.txt
cmaes:,30.00,0.54,15.53
simulannealbnd:,30.00,0.42,9.97
MCTS:,30.00,0.96,17.33
random:,30.00,0.18,11.87


Data_cc5a2d5_k5_1_4_9_10_0.01_LSTM,,,
cc5a2d5_k5_1.txt
cmaes:,30.00,1.13,29.77
simulannealbnd:,30.00,0.93,28.40
MCTS:,30.00,1.29,25.77
random:,30.00,0.34,21.97


cc5a2d5_k5_2.txt
cmaes:,27.00,0.67,21.89
simulannealbnd:,30.00,0.65,19.90
MCTS:,30.00,0.80,12.03
random:,30.00,0.25,15.57


cc5a2d5_k5_3.txt
cmaes:,30.00,0.46,13.27
simulannealbnd:,30.00,0.56,18.17
MCTS:,30.00,0.71,10.50
random:,30.00,0.27,18.20


Data_cc5a3_k1_1_4_9_10_0.05_LSTM,,,
cc5a3_k1_1.txt
cmaes:,30.00,0.49,8.07
simulannealbnd:,30.00,0.27,5.47
MCTS:,30.00,0.52,6.37
random:,30.00,0.09,6.40


cc5a3_k1_2.txt
cmaes:,30.00,0.36,10.23
simulannealbnd:,30.00,0.31,9.57
MCTS:,30.00,0.50,6.53
random:,30.00,0.05,4.10


cc5a3_k1_3.txt
cmaes:,30.00,0.25,6.93
simulannealbnd:,30.00,0.25,7.00
MCTS:,30.00,0.48,7.30
random:,30.00,0.07,6.03


Data_cc5a3_k2_1_4_9_10_0.05_LSTM,,,
cc5a3_k2_1.txt
cmaes:,30.00,0.62,12.80
simulannealbnd:,30.00,0.32,7.83
MCTS:,30.00,0.48,4.00
random:,30.00,0.11,7.37


cc5a3_k2_2.txt
cmaes:,30.00,0.30,7.30
simulannealbnd:,30.00,0.26,6.87
MCTS:,30.00,0.62,9.47
random:,30.00,0.08,6.13


cc5a3_k2_3.txt
cmaes:,30.00,0.24,6.20
simulannealbnd:,30.00,0.29,8.27
MCTS:,30.00,0.40,4.27
random:,30.00,0.04,3.93


Data_cc5a3_k3_1_4_9_10_0.05_LSTM,,,
cc5a3_k3_1.txt
cmaes:,30.00,0.55,11.17
simulannealbnd:,30.00,0.35,8.60
MCTS:,30.00,0.53,6.33
random:,30.00,0.09,5.43


cc5a3_k3_2.txt
cmaes:,30.00,0.35,10.07
simulannealbnd:,30.00,0.25,6.20
MCTS:,30.00,0.49,5.17
random:,30.00,0.07,5.10


cc5a3_k3_3.txt
cmaes:,30.00,0.30,8.80
simulannealbnd:,30.00,0.25,6.33
MCTS:,30.00,0.49,8.20
random:,30.00,0.08,7.00


Data_cc5a3_k4_1_4_9_10_0.05_LSTM,,,
cc5a3_k4_1.txt
cmaes:,30.00,0.49,7.60
simulannealbnd:,30.00,0.32,7.70
MCTS:,30.00,0.52,6.10
random:,30.00,0.08,5.60


cc5a3_k4_2.txt
cmaes:,30.00,0.40,11.93
simulannealbnd:,30.00,0.28,7.23
MCTS:,30.00,0.55,7.70
random:,30.00,0.09,6.67


cc5a3_k4_3.txt
cmaes:,30.00,0.35,9.50
simulannealbnd:,30.00,0.38,9.90
MCTS:,30.00,0.50,6.80
random:,30.00,0.05,5.13


Data_cc5a3_k5_1_4_9_10_0.05_LSTM,,,
cc5a3_k5_1.txt
cmaes:,30.00,0.41,4.47
simulannealbnd:,30.00,0.27,5.50
MCTS:,30.00,0.46,3.57
random:,30.00,0.07,4.70


cc5a3_k5_2.txt
cmaes:,30.00,0.36,9.80
simulannealbnd:,30.00,0.31,8.00
MCTS:,30.00,0.57,8.53
random:,30.00,0.08,6.57


cc5a3_k5_3.txt
cmaes:,30.00,0.26,6.33
simulannealbnd:,30.00,0.30,9.07
MCTS:,30.00,0.45,3.97
random:,30.00,0.08,6.33


Data_cc5a3d10_k1_1_4_9_10_0.05_LSTM,,,
cc5a3d10_k1_1.txt
cmaes:,29.00,1.40,46.03
simulannealbnd:,30.00,0.75,24.80
MCTS:,30.00,2.81,74.33
random:,30.00,0.52,37.33


cc5a3d10_k1_2.txt
cmaes:,30.00,1.20,50.30
simulannealbnd:,30.00,0.39,10.70
MCTS:,30.00,0.96,21.53
random:,30.00,0.20,14.77


cc5a3d10_k1_3.txt
cmaes:,30.00,0.83,31.80
simulannealbnd:,30.00,0.50,15.60
MCTS:,30.00,1.16,27.93
random:,30.00,0.27,17.03


Data_cc5a3d10_k2_1_4_9_10_0.05_LSTM,,,
cc5a3d10_k2_1.txt
cmaes:,27.00,1.73,55.52
simulannealbnd:,30.00,0.64,17.60
MCTS:,30.00,1.87,44.87
random:,30.00,0.43,27.00


cc5a3d10_k2_2.txt
cmaes:,29.00,1.41,56.72
simulannealbnd:,30.00,0.63,19.10
MCTS:,30.00,0.96,19.97
random:,30.00,0.31,21.53


cc5a3d10_k2_3.txt
cmaes:,24.00,1.19,49.50
simulannealbnd:,30.00,0.45,13.90
MCTS:,30.00,0.94,20.30
random:,30.00,0.12,11.13


Data_cc5a3d10_k3_1_4_9_10_0.05_LSTM,,,
cc5a3d10_k3_1.txt
cmaes:,24.00,0.90,30.96
simulannealbnd:,30.00,0.44,13.90
MCTS:,30.00,1.66,37.83
random:,30.00,0.30,19.63


cc5a3d10_k3_2.txt
cmaes:,27.00,1.04,44.81
simulannealbnd:,30.00,0.43,13.77
MCTS:,30.00,1.14,24.57
random:,30.00,0.49,33.03


cc5a3d10_k3_3.txt
cmaes:,21.00,0.94,40.86
simulannealbnd:,30.00,0.49,21.57
MCTS:,30.00,1.20,41.13
random:,30.00,0.27,25.60


Data_cc5a3d10_k4_1_4_9_10_0.05_LSTM,,,
cc5a3d10_k4_1.txt
cmaes:,26.00,1.57,51.00
simulannealbnd:,30.00,0.51,12.60
MCTS:,30.00,1.13,21.50
random:,30.00,0.16,11.63


cc5a3d10_k4_2.txt
cmaes:,27.00,1.05,40.07
simulannealbnd:,30.00,0.35,8.80
MCTS:,30.00,0.98,21.67
random:,30.00,0.14,9.47


cc5a3d10_k4_3.txt
cmaes:,30.00,0.80,32.67
simulannealbnd:,30.00,0.47,16.07
MCTS:,30.00,1.06,24.07
random:,30.00,0.16,12.47


Data_cc5a3d10_k5_1_4_9_10_0.05_LSTM,,,
cc5a3d10_k5_1.txt
cmaes:,20.00,1.18,30.75
simulannealbnd:,30.00,0.46,12.53
MCTS:,30.00,1.45,33.87
random:,30.00,0.32,21.53


cc5a3d10_k5_2.txt
cmaes:,26.00,1.04,41.73
simulannealbnd:,30.00,0.45,13.30
MCTS:,30.00,1.60,41.60
random:,30.00,0.49,39.30


cc5a3d10_k5_3.txt
cmaes:,26.00,0.61,23.77
simulannealbnd:,30.00,0.40,12.17
MCTS:,30.00,1.45,39.17
random:,30.00,0.16,13.73


Data_cc5a3d5_k1_1_4_9_10_0.05_LSTM,,,
cc5a3d5_k1_1.txt
cmaes:,30.00,0.62,14.70
simulannealbnd:,30.00,0.32,7.80
MCTS:,30.00,0.48,4.93
random:,30.00,0.07,5.10


cc5a3d5_k1_2.txt
cmaes:,30.00,0.29,6.80
simulannealbnd:,30.00,0.25,7.17
MCTS:,30.00,0.43,4.13
random:,30.00,0.06,4.37


cc5a3d5_k1_3.txt
cmaes:,30.00,0.36,13.87
simulannealbnd:,30.00,0.25,7.43
MCTS:,30.00,0.47,5.80
random:,30.00,0.07,5.93


Data_cc5a3d5_k2_1_4_9_10_0.05_LSTM,,,
cc5a3d5_k2_1.txt
cmaes:,30.00,0.67,16.53
simulannealbnd:,30.00,0.33,8.13
MCTS:,30.00,0.48,6.00
random:,30.00,0.10,6.93


cc5a3d5_k2_2.txt
cmaes:,30.00,0.39,11.77
simulannealbnd:,30.00,0.27,7.97
MCTS:,30.00,0.48,5.73
random:,30.00,0.06,5.00


cc5a3d5_k2_3.txt
cmaes:,30.00,0.34,12.20
simulannealbnd:,30.00,0.23,6.90
MCTS:,30.00,0.46,5.50
random:,30.00,0.05,4.57


Data_cc5a3d5_k3_1_4_9_10_0.05_LSTM,,,
cc5a3d5_k3_1.txt
cmaes:,30.00,0.20,1.00
simulannealbnd:,30.00,0.07,1.00
MCTS:,30.00,0.56,6.70
random:,30.00,0.06,4.17


cc5a3d5_k3_2.txt
cmaes:,30.00,0.33,8.97
simulannealbnd:,30.00,0.32,7.97
MCTS:,30.00,0.42,3.57
random:,30.00,0.07,4.90


cc5a3d5_k3_3.txt
cmaes:,30.00,0.43,15.93
simulannealbnd:,30.00,0.31,9.17
MCTS:,30.00,0.47,5.03
random:,30.00,0.06,4.37


Data_cc5a3d5_k4_1_4_9_10_0.05_LSTM,,,
cc5a3d5_k4_1.txt
cmaes:,30.00,0.65,13.87
simulannealbnd:,30.00,0.45,11.80
MCTS:,30.00,0.53,4.47
random:,30.00,0.09,5.50


cc5a3d5_k4_2.txt
cmaes:,30.00,0.54,16.07
simulannealbnd:,30.00,0.37,9.73
MCTS:,30.00,0.50,5.47
random:,30.00,0.08,5.73


cc5a3d5_k4_3.txt
cmaes:,30.00,0.37,11.83
simulannealbnd:,30.00,0.26,6.27
MCTS:,30.00,0.43,5.83
random:,30.00,0.05,5.27


Data_cc5a3d5_k5_1_4_9_10_0.05_LSTM,,,
cc5a3d5_k5_1.txt
cmaes:,30.00,0.53,9.77
simulannealbnd:,30.00,0.48,16.03
MCTS:,30.00,0.53,7.23
random:,30.00,0.12,7.73


cc5a3d5_k5_2.txt
cmaes:,30.00,0.41,13.30
simulannealbnd:,30.00,0.32,10.50
MCTS:,30.00,0.58,10.00
random:,30.00,0.10,8.03


cc5a3d5_k5_3.txt
cmaes:,30.00,0.23,6.70
simulannealbnd:,30.00,0.24,7.17
MCTS:,30.00,0.42,5.07
random:,30.00,0.05,4.40


Data_cc5a4_k1_1_4_9_10_0.1_LSTM,,,
cc5a4_k1_1.txt
cmaes:,30.00,0.46,8.07
simulannealbnd:,30.00,0.23,6.07
MCTS:,30.00,0.41,3.10
random:,30.00,0.04,3.03


cc5a4_k1_2.txt
cmaes:,30.00,0.30,8.33
simulannealbnd:,30.00,0.25,5.70
MCTS:,30.00,0.41,3.73
random:,30.00,0.04,3.27


cc5a4_k1_3.txt
cmaes:,30.00,0.30,10.13
simulannealbnd:,30.00,0.20,4.63
MCTS:,30.00,0.38,2.73
random:,30.00,0.04,3.83


Data_cc5a4_k2_1_4_9_10_0.1_LSTM,,,
cc5a4_k2_1.txt
cmaes:,30.00,0.38,4.53
simulannealbnd:,30.00,0.23,4.43
MCTS:,30.00,0.44,2.97
random:,30.00,0.05,3.23


cc5a4_k2_2.txt
cmaes:,30.00,0.34,9.30
simulannealbnd:,30.00,0.25,4.97
MCTS:,30.00,0.37,1.00
random:,30.00,0.03,1.73


cc5a4_k2_3.txt
cmaes:,30.00,0.29,7.37
simulannealbnd:,30.00,0.22,4.97
MCTS:,30.00,0.42,3.37
random:,30.00,0.03,2.57


Data_cc5a4_k3_1_4_9_10_0.1_LSTM,,,
cc5a4_k3_1.txt
cmaes:,30.00,0.53,9.10
simulannealbnd:,30.00,0.26,5.00
MCTS:,30.00,0.44,2.67
random:,30.00,0.05,3.07


cc5a4_k3_2.txt
cmaes:,30.00,0.41,10.93
simulannealbnd:,30.00,0.24,4.87
MCTS:,30.00,0.51,5.43
random:,30.00,0.04,2.77


cc5a4_k3_3.txt
cmaes:,30.00,0.27,7.90
simulannealbnd:,30.00,0.18,3.97
MCTS:,30.00,0.41,3.13
random:,30.00,0.03,2.00


Data_cc5a4_k4_1_4_9_10_0.1_LSTM,,,
cc5a4_k4_1.txt
cmaes:,30.00,0.57,10.50
simulannealbnd:,30.00,0.25,4.40
MCTS:,30.00,0.48,4.07
random:,30.00,0.05,3.60


cc5a4_k4_2.txt
cmaes:,30.00,0.25,5.63
simulannealbnd:,30.00,0.24,5.67
MCTS:,30.00,0.49,4.77
random:,30.00,0.04,2.67


cc5a4_k4_3.txt
cmaes:,30.00,0.26,8.23
simulannealbnd:,30.00,0.19,4.77
MCTS:,30.00,0.39,2.60
random:,30.00,0.04,3.03


Data_cc5a4_k5_1_4_9_10_0.1_LSTM,,,
cc5a4_k5_1.txt
cmaes:,30.00,0.57,11.23
simulannealbnd:,30.00,0.27,5.33
MCTS:,30.00,0.46,2.73
random:,30.00,0.05,2.97


cc5a4_k5_2.txt
cmaes:,30.00,0.41,12.53
simulannealbnd:,30.00,0.22,4.53
MCTS:,30.00,0.49,3.17
random:,30.00,0.04,3.13


cc5a4_k5_3.txt
cmaes:,30.00,0.32,9.53
simulannealbnd:,30.00,0.21,4.57
MCTS:,30.00,0.48,4.73
random:,30.00,0.03,2.87


Data_cc5a4d10_k1_1_4_9_10_0.1_LSTM,,,
cc5a4d10_k1_1.txt
cmaes:,28.00,0.76,17.46
simulannealbnd:,30.00,0.41,8.70
MCTS:,30.00,0.83,11.90
random:,30.00,0.10,5.67


cc5a4d10_k1_2.txt
cmaes:,30.00,0.61,16.30
simulannealbnd:,30.00,0.46,11.63
MCTS:,30.00,0.73,10.27
random:,30.00,0.09,5.90


cc5a4d10_k1_3.txt
cmaes:,29.00,0.49,15.72
simulannealbnd:,30.00,0.40,11.57
MCTS:,30.00,0.71,9.43
random:,30.00,0.12,8.30


Data_cc5a4d10_k2_1_4_9_10_0.1_LSTM,,,
cc5a4d10_k2_1.txt
cmaes:,26.00,0.63,11.12
simulannealbnd:,30.00,0.44,7.43
MCTS:,30.00,0.74,8.33
random:,30.00,0.09,4.33


cc5a4d10_k2_2.txt
cmaes:,30.00,0.65,15.90
simulannealbnd:,30.00,0.40,8.57
MCTS:,30.00,0.74,9.37
random:,30.00,0.09,5.33


cc5a4d10_k2_3.txt
cmaes:,30.00,0.33,8.77
simulannealbnd:,30.00,0.39,11.00
MCTS:,30.00,0.80,11.17
random:,30.00,0.11,6.13


Data_cc5a4d10_k3_1_4_9_10_0.1_LSTM,,,
cc5a4d10_k3_1.txt
cmaes:,28.00,0.86,22.00
simulannealbnd:,30.00,0.50,11.33
MCTS:,30.00,1.06,17.07
random:,30.00,0.13,7.17


cc5a4d10_k3_2.txt
cmaes:,30.00,0.51,14.37
simulannealbnd:,30.00,0.49,12.57
MCTS:,30.00,0.84,12.53
random:,30.00,0.16,9.77


cc5a4d10_k3_3.txt
cmaes:,30.00,0.50,13.50
simulannealbnd:,30.00,0.40,9.17
MCTS:,30.00,0.83,11.97
random:,30.00,0.07,4.43


Data_cc5a4d10_k4_1_4_9_10_0.1_LSTM,,,
cc5a4d10_k4_1.txt
cmaes:,30.00,0.66,10.67
simulannealbnd:,30.00,0.43,6.07
MCTS:,30.00,0.76,8.20
random:,30.00,0.16,8.30


cc5a4d10_k4_2.txt
cmaes:,30.00,0.89,23.80
simulannealbnd:,30.00,0.53,12.30
MCTS:,30.00,0.85,12.57
random:,30.00,0.16,9.80


cc5a4d10_k4_3.txt
cmaes:,30.00,0.67,19.17
simulannealbnd:,30.00,0.46,11.30
MCTS:,30.00,0.75,8.97
random:,30.00,0.08,4.77


Data_cc5a4d10_k5_1_4_9_10_0.1_LSTM,,,
cc5a4d10_k5_1.txt
cmaes:,30.00,0.90,19.77
simulannealbnd:,30.00,0.61,12.87
MCTS:,30.00,0.98,13.73
random:,30.00,0.15,7.30


cc5a4d10_k5_2.txt
cmaes:,14.00,2.98,129.86
simulannealbnd:,9.00,8.14,287.11
MCTS:,27.00,7.51,344.63
random:,1.00,5.26,571.00


cc5a4d10_k5_3.txt
cmaes:,30.00,0.33,14.83
simulannealbnd:,30.00,0.26,9.27
MCTS:,30.00,0.46,9.43
random:,30.00,0.05,5.40


Data_cc5a4d5_k1_1_4_9_10_0.1_LSTM,,,
cc5a4d5_k1_1.txt
cmaes:,30.00,0.52,9.93
simulannealbnd:,30.00,0.32,8.07
MCTS:,30.00,0.53,6.73
random:,30.00,0.10,6.80


cc5a4d5_k1_2.txt
cmaes:,30.00,0.34,8.97
simulannealbnd:,30.00,0.25,7.23
MCTS:,30.00,0.49,4.00
random:,30.00,0.06,4.97


cc5a4d5_k1_3.txt
cmaes:,29.00,0.24,7.90
simulannealbnd:,30.00,0.26,8.70
MCTS:,30.00,0.52,7.40
random:,30.00,0.06,5.10


Data_cc5a4d5_k2_1_4_9_10_0.1_LSTM,,,
cc5a4d5_k2_1.txt
cmaes:,30.00,0.46,7.17
simulannealbnd:,30.00,0.34,8.97
MCTS:,30.00,0.55,8.13
random:,30.00,0.08,6.10


cc5a4d5_k2_2.txt
cmaes:,30.00,0.38,11.07
simulannealbnd:,30.00,0.34,11.03
MCTS:,30.00,0.47,4.40
random:,30.00,0.07,4.93


cc5a4d5_k2_3.txt
cmaes:,30.00,0.24,6.47
simulannealbnd:,30.00,0.26,7.20
MCTS:,30.00,0.45,4.93
random:,30.00,0.06,4.73


Data_cc5a4d5_k3_1_4_9_10_0.1_LSTM,,,
cc5a4d5_k3_1.txt
cmaes:,30.00,0.60,13.40
simulannealbnd:,30.00,0.31,7.47
MCTS:,30.00,0.53,8.07
random:,30.00,0.10,6.63


cc5a4d5_k3_2.txt
cmaes:,30.00,0.27,5.83
simulannealbnd:,30.00,0.23,5.53
MCTS:,30.00,0.52,6.37
random:,30.00,0.07,5.47


cc5a4d5_k3_3.txt
cmaes:,30.00,0.25,6.67
simulannealbnd:,30.00,0.28,8.93
MCTS:,30.00,0.49,6.13
random:,30.00,0.08,6.53


Data_cc5a4d5_k4_1_4_9_10_0.1_LSTM,,,
cc5a4d5_k4_1.txt
cmaes:,30.00,0.51,8.73
simulannealbnd:,30.00,0.31,7.07
MCTS:,30.00,0.46,4.53
random:,30.00,0.08,5.93


cc5a4d5_k4_2.txt
cmaes:,30.00,0.30,7.07
simulannealbnd:,30.00,0.27,7.27
MCTS:,30.00,0.49,5.60
random:,30.00,0.07,5.83


cc5a4d5_k4_3.txt
cmaes:,30.00,0.19,4.20
simulannealbnd:,30.00,0.22,6.07
MCTS:,30.00,0.45,4.93
random:,30.00,0.06,4.40


Data_cc5a4d5_k5_1_4_9_10_0.1_LSTM,,,
cc5a4d5_k5_1.txt
cmaes:,30.00,0.53,9.87
simulannealbnd:,30.00,0.31,7.00
MCTS:,30.00,0.58,8.37
random:,30.00,0.06,4.20


cc5a4d5_k5_2.txt
cmaes:,30.00,0.34,8.80
simulannealbnd:,30.00,0.28,7.53
MCTS:,30.00,0.53,7.47
random:,30.00,0.06,5.00


cc5a4d5_k5_3.txt
cmaes:,30.00,0.26,7.00
simulannealbnd:,30.00,0.29,8.37
MCTS:,30.00,0.55,8.77
random:,30.00,0.07,6.00


